   Compiling tty7 v26.9.4 (/ws/tty7)
warning: unused import: `crate::ui::host_ops::Host`
    --> src/ui/right_panel.rs:2141:33
     |
2141 | ...                   use crate::ui::host_ops::Host as _;
     |                           ^^^^^^^^^^^^^^^^^^^^^^^^^
     |
     = note: `#[warn(unused_imports)]` (part of `#[warn(unused)]`) on by default

warning: variable does not need to be mutable
    --> src/ui/app.rs:3393:13
     |
3393 |         let mut failure = match self.place_forward(&route, rule.clone()) {
     |             ----^^^^^^^
     |             |
     |             help: remove this `mut`
     |
     = note: `#[warn(unused_mut)]` (part of `#[warn(unused)]`) on by default

warning: unused variable: `repo`
   --> src/ui/panel_review.rs:371:9
    |
371 |         repo: &RepoKey,
    |         ^^^^ help: if this is intentional, prefix it with an underscore: `_repo`
    |
    = note: `#[warn(unused_variables)]` (part of `#[warn(unused)]`) on by default

warning: variable does not need to be mutable
    --> src/ui/settings.rs:3590:13
     |
3590 |         let mut cases: Vec<(&str, SettingsSection)> = vec![
     |             ----^^^^^
     |             |
     |             help: remove this `mut`

warning: unused variable: `backdrop`
   --> src/ui/theme.rs:403:5
    |
403 |     backdrop: WindowBackdrop,
    |     ^^^^^^^^ help: if this is intentional, prefix it with an underscore: `_backdrop`

warning: type `LoopbackPlan` is more private than the item `port_route_of`
   --> src/terminal/view.rs:619:1
    |
619 | pub(crate) fn port_route_of(plan: &LoopbackPlan, local: bool) -> PortRoute {
    | ^^^^^^^^^^^^^^^^^^^^^^^^^^^^^^^^^^^^^^^^^^^^^^^^^^^^^^^^^^^^^^^^^^^^^^^^^^ function `port_route_of` is reachable at visibility `pub(crate)`
    |
note: but type `LoopbackPlan` is only usable at visibility `pub(in crate::terminal)`
   --> src/terminal/view.rs:605:1
    |
605 | pub(super) enum LoopbackPlan {
    | ^^^^^^^^^^^^^^^^^^^^^^^^^^^^
    = note: `#[warn(private_interfaces)]` on by default

warning: type `CwdEdit` is more private than the item `RightPanelState::cwd_edit`
   --> src/ui/right_panel.rs:309:5
    |
309 |     pub(crate) cwd_edit: Option<CwdEdit>,
    |     ^^^^^^^^^^^^^^^^^^^^^^^^^^^^^^^^^^^^ field `RightPanelState::cwd_edit` is reachable at visibility `pub(crate)`
    |
note: but type `CwdEdit` is only usable at visibility `pub(self)`
   --> src/ui/right_panel.rs:235:1
    |
235 | struct CwdEdit {
    | ^^^^^^^^^^^^^^

warning: function `application_path` is never used
   --> src/core/explorer_context_menu.rs:136:4
    |
136 | fn application_path() -> Result<PathBuf> {
    |    ^^^^^^^^^^^^^^^^
    |
    = note: `#[warn(dead_code)]` (part of `#[warn(unused)]`) on by default

warning: method `english` is never used
   --> src/core/update.rs:155:8
    |
151 | impl UpdateInstallHint {
    | ---------------------- method in this implementation
...
155 |     fn english(&self) -> String {
    |        ^^^^^^^

warning: method `probed` is never used
   --> src/terminal/git_data.rs:415:12
    |
391 | impl ScmData {
    | ------------ method in this implementation
...
415 |     pub fn probed(&self, host: HostId, root: &Path) -> bool {
    |            ^^^^^^

warning: variant `Pending` is never constructed
  --> src/terminal/onekey.rs:25:5
   |
23 | pub enum OneKeyAction {
   |          ------------ variant in this enum
24 |     /// Keep interacting (filter/cursor changed).
25 |     Pending,
   |     ^^^^^^^
   |
   = note: `OneKeyAction` has derived impls for the traits `Clone` and `Debug`, but these are intentionally ignored during dead code analysis

warning: method `entry_count` is never used
   --> src/terminal/onekey.rs:143:12
    |
 39 | impl OneKeyPicker {
    | ----------------- method in this implementation
...
143 |     pub fn entry_count(&self) -> usize {
    |            ^^^^^^^^^^^

warning: function `tile_trailing_inset_sm` is never used
   --> src/ui/app.rs:297:15
    |
297 | pub(crate) fn tile_trailing_inset_sm() -> f32 {
    |               ^^^^^^^^^^^^^^^^^^^^^^

warning: method `leaf_title_and_home` is never used
   --> src/ui/app.rs:693:19
    |
571 | impl Tab {
    | -------- method in this implementation
...
693 |     pub(crate) fn leaf_title_and_home(
    |                   ^^^^^^^^^^^^^^^^^^^

warning: methods `active_ssh_pane` and `active_connected_native_ssh_pane` are never used
    --> src/ui/app.rs:8513:19
     |
1336 | impl Tty7App {
     | ------------ methods in this implementation
...
8513 |     pub(crate) fn active_ssh_pane(
     |                   ^^^^^^^^^^^^^^^
...
8528 |     pub(crate) fn active_connected_native_ssh_pane(
     |                   ^^^^^^^^^^^^^^^^^^^^^^^^^^^^^^^^

warning: function `t_select` is never used
    --> src/ui/i18n/mod.rs:1985:8
     |
1985 | pub fn t_select(key: L10nKey, branch: &'static str, args: &[(&str, &str)]) -> String {
     |        ^^^^^^^^

warning: field `passthrough` is never read
   --> src/ui/instance_picker.rs:161:5
    |
155 | pub struct InstancePicker {
    |            -------------- field in this struct
...
161 |     passthrough: Vec<OsString>,
    |     ^^^^^^^^^^^

warning: methods `review_send_to_new_agent`, `review_send_edit`, and `deliver_review_to_new_agent` are never used
   --> src/ui/review_actions.rs:197:19
    |
 54 | impl Tty7App {
    | ------------ methods in this implementation
...
197 |     pub(crate) fn review_send_to_new_agent(
    |                   ^^^^^^^^^^^^^^^^^^^^^^^^
...
329 |     pub(crate) fn review_send_edit(
    |                   ^^^^^^^^^^^^^^^^
...
375 |     pub(crate) fn deliver_review_to_new_agent(
    |                   ^^^^^^^^^^^^^^^^^^^^^^^^^^^

warning: field `k07` is never read
  --> src/ui/settings/kit.rs:37:9
   |
30 | pub(crate) struct Tk {
   |                   -- field in this struct
...
37 |     pub k07: Hsla,
   |         ^^^
   |
   = note: `Tk` has a derived impl for the trait `Clone`, but this is intentionally ignored during dead code analysis

warning: variant `Search` is never constructed
    --> src/ui/switcher.rs:4411:9
     |
4408 |     enum Spot {
     |          ---- variant in this enum
...
4411 |         Search,
     |         ^^^^^^
     |
     = note: `Spot` has a derived impl for the trait `Clone`, but this is intentionally ignored during dead code analysis

warning: function `workspace_avatar` is never used
    --> src/ui/tab_strip.rs:1286:15
     |
1286 | pub(crate) fn workspace_avatar(
     |               ^^^^^^^^^^^^^^^^

warning: unused `ArenaClearNeeded` that must be used
   --> src/ui/code_editor/problems.rs:408:9
    |
408 |         vcx.update(|window, cx| window.draw(cx));
    |         ^^^^^^^^^^^^^^^^^^^^^^^^^^^^^^^^^^^^^^^^
    |
    = note: `#[warn(unused_must_use)]` (part of `#[warn(unused)]`) on by default
help: use `let _ = ...` to ignore the resulting value
    |
408 |         let _ = vcx.update(|window, cx| window.draw(cx));
    |         +++++++

warning: unused `ArenaClearNeeded` that must be used
    --> src/ui/code_editor.rs:4121:9
     |
4121 |         vcx.update(|window, cx| window.draw(cx));
     |         ^^^^^^^^^^^^^^^^^^^^^^^^^^^^^^^^^^^^^^^^
     |
help: use `let _ = ...` to ignore the resulting value
     |
4121 |         let _ = vcx.update(|window, cx| window.draw(cx));
     |         +++++++

warning: `tty7` (bin "tty7-app" test) generated 23 warnings (run `cargo fix --bin "tty7-app" -p tty7 --tests` to apply 4 suggestions)
    Finished `test` profile [unoptimized + debuginfo] target(s) in 39.02s
warning: the following packages contain code that will be rejected by a future version of Rust: proc-macro-error2 v2.0.1
note: to see what the problems were, use the option `--future-incompat-report`, or run `cargo report future-incompatibilities --id 1`
     Running unittests src/main.rs (target/debug/deps/tty7_app-4767eea3ffd38641)

running 2516 tests
test argument_tests::a_pathless_forward_asks_the_gui_to_surface_and_exits_only_on_bool_true ... ok
test argument_tests::early_dispatch_exits_only_after_a_gui_accepts_the_path ... ok
test argument_tests::config_dir_accepts_native_separate_and_equals_forms ... ok
test argument_tests::early_dispatch_is_skipped_when_the_recorded_daemon_is_dead ... ok
test argument_tests::early_dispatch_keeps_non_utf8_paths_in_the_current_process ... ok
test argument_tests::early_dispatch_resolves_relative_paths_before_cross_process_delivery ... ok
test argument_tests::explorer_menu_flags_are_distinguished_and_otherwise_absent ... ok
test argument_tests::open_path_accepts_separate_and_equals_forms ... ok
test config_reload_tests::only_theme_files_beside_the_config_count_as_themes ... ok
test core::agent_prompt::tests::diff_prompt_embeds_the_diff ... ok
test core::agent_prompt::tests::review_attach_prompt_embeds_path_lines_diff_and_comment ... ok
test core::agent_prompt::tests::selection_prompt_embeds_the_text_and_cwd ... ok
test core::agent_prompt::tests::oversized_context_is_truncated_with_a_note ... ok
test core::agent_prompt::tests::submit_bytes_bracket_and_sanitize ... ok
test core::cli_install::tests::a_directory_already_on_path_is_not_prepended_twice ... ok
test core::cli_install::tests::a_trailing_separator_does_not_become_an_empty_path_entry ... ok
test core::cli_install::tests::the_user_path_gains_the_directory_once_and_losslessly ... ok
test core::config::tests::the_real_config_dir_is_the_only_one_the_guard_rejects ... ok
test core::default_terminal::tests::a_man_page_url_with_no_name_is_rejected ... ok
test core::default_terminal::tests::a_sectioned_man_page_keeps_its_page_name ... ok
test core::default_terminal::tests::parses_man_page_host_or_path ... ok
test core::cli_install::tests::a_build_tree_binary_is_recognised_under_both_profile_layouts ... ok
test core::default_terminal::tests::parses_ssh_authority_and_port ... ok
test core::config::tests::font_features_match_gpui_byte_for_byte ... ok
test core::default_terminal::tests::ssh_decodes_the_user_and_unwraps_ipv6 ... ok
test core::default_terminal::tests::ssh_paths_and_trailing_slashes_stay_out_of_the_authority ... ok
test core::default_terminal::tests::ssh_without_a_host_is_rejected ... ok
test core::explorer_context_menu::tests::commands_quote_even_paths_without_spaces ... ok
test core::explorer_context_menu::tests::registration_replaces_the_owned_tree_before_writing ... ok
test core::explorer_context_menu::tests::registration_targets_both_directory_surfaces ... ok
test core::explorer_context_menu::tests::the_verb_labels_follow_the_ui_language ... ok
test core::rate_meter::tests::a_label_names_the_callsite_in_the_line ... ok
test core::keychain::tests::in_memory_store_get_set_delete ... ok
test core::keychain::tests::key_passphrase_helpers_use_the_key_service ... ok
test core::rate_meter::tests::a_sample_exactly_on_the_boundary_flushes ... ok
test core::rate_meter::tests::crossing_the_window_flushes_and_resets ... ok
test core::rate_meter::tests::flag_semantics_cover_unset_empty_zero_and_set ... ok
test core::rate_meter::tests::samples_below_the_window_accumulate_silently ... ok
test core::session::tests::a_window_binds_to_exactly_one_machine ... ok
test core::session::tests::host_ids_group_by_machine_not_by_workspace ... ok
test core::config::tests::pinning_lands_outside_the_real_config_dir ... ok
test core::ssh_config::tests::a_parse_reports_every_file_it_read_not_just_how_many ... ok
test core::ssh_config::tests::a_wildcard_only_config_was_still_read ... ok
test core::cli_install::unix_tests::a_shim_directory_on_path_is_never_chosen ... ok
test core::default_terminal::tests::parses_finder_file_urls_and_percent_decodes_paths ... ok
test core::ssh_config::tests::every_supported_keyword_is_kept ... ok
test core::ssh_config::tests::glob_match_supports_star_and_question ... ok
test core::ssh_config::tests::follows_includes_relative_to_config_file ... ok
test core::session::tests::claim_remote_remembers_the_route_and_refreshes_it_while_the_profile_lives ... ok
test config_reload_tests::a_save_that_moves_no_binding_leaves_the_keymap_alone ... ok
test config_reload_tests::a_hand_edited_binding_fires_without_a_restart ... ok
test config_reload_tests::a_broken_config_does_not_take_the_users_keys_away ... ok
test core::cli_install::unix_tests::a_link_aimed_somewhere_deliberate_is_not_hijacked ... ok
test core::ssh_config::tests::an_alias_added_to_an_included_file_is_seen_without_touching_the_root ... ok
test core::ssh_config::tests::import_skips_match_blocks_and_negations ... ok
test core::session::tests::claiming_a_workspace_the_store_never_saw_keeps_the_id_it_was_given ... ok
test core::cli_install::unix_tests::our_own_link_is_recognised_and_then_repointed_on_upgrade ... ok
test core::ssh_config::tests::hash_only_comments_whole_lines_not_values ... ok
test core::cli_install::unix_tests::an_unrelated_binary_named_tty7_is_left_alone ... ok
test core::ssh_config::tests::merge_upserts_by_name_preserving_user_fields_and_is_idempotent ... ok
test core::ssh_config::tests::hostname_percent_h_expands_to_the_alias ... ok
test core::cli_install::unix_tests::a_copy_we_made_stays_ours_after_the_user_moves_off_the_appimage ... ok
test core::update::tests::a_failure_lets_the_version_prompt_again ... ok
test core::update::tests::a_429_is_a_rate_limit_too ... ok
test core::update::tests::a_newer_nightly_supersedes_an_older_one ... ok
test core::update::tests::a_stable_release_still_outranks_every_nightly_of_its_core_version ... ok
test core::update::tests::a_staged_plan_supplies_a_fresh_parent_pid ... ok
test core::update::tests::an_appimage_that_can_replace_itself_is_offered_the_appimage ... ok
test core::ssh_config::tests::import_resolves_common_fields_with_first_match_wins ... ok
test core::update::tests::appimage_selection_matches_the_published_asset_names ... ok
test core::update::tests::detects_newer_versions ... ok
test core::update::tests::each_channel_reads_its_own_feed ... ok
test core::update::tests::expired_github_rate_limit_says_to_retry_shortly ... ok
test core::ssh_config::tests::resolve_alias_drops_algorithm_modifier_syntax ... ok
test core::update::tests::github_json_error_keeps_a_short_actionable_message ... ok
test core::update::tests::github_rate_limit_error_says_when_to_retry ... ok
test core::ssh_config::tests::merge_resolves_proxy_jump_to_profile_id ... ok
test core::update::tests::ignores_same_or_older_versions ... ok
test core::update::tests::later_defers_a_version_instead_of_retiring_it ... ok
test core::update::tests::linux_installs_that_cannot_self_update_name_their_package ... ok
test core::ssh_config::tests::parses_concrete_host_aliases_and_skips_patterns ... ok
test core::update::tests::nightly_binaries_prompt_when_their_stable_ships ... ok
test core::update::tests::only_our_own_staging_directories_are_swept ... ok
test core::update::tests::nightly_manifest_matches_what_the_workflow_writes ... ok
test core::update::tests::release_asset_requires_the_platform_package_and_checksums ... ok
test core::update::tests::parses_versions_with_and_without_prefix ... ok
test core::update::tests::prerelease_identifiers_order_left_to_right ... ok
test core::update::tests::release_without_checksums_is_never_installable ... ok
test core::update::tests::release_without_the_exact_platform_package_is_never_guessed ... ok
test core::update::tests::remote_server_assets_are_not_mistaken_for_a_version ... ok
test core::update::tests::the_newest_asset_version_wins_when_two_nights_overlap ... ok
test core::update::tests::two_builds_on_one_day_are_distinguishable ... ok
test core::update::tests::unparseable_tag_never_prompts ... ok
test core::update::tests::updater_tail_args_carry_config_and_outcome_as_arguments ... ok
test core::update::tests::version_is_recovered_from_nightly_asset_names ... ok
test core::window_state::tests::round_trips_through_bounds ... ok
test terminal::boxdraw::tests::arms_reach_their_edges ... ok
test terminal::boxdraw::tests::blocks_cover_their_nominal_area ... ok
test terminal::boxdraw::tests::double_cross_keeps_its_open_centre ... ok
test core::session::tests::restore_one_keeps_one_window_and_reports_the_rest ... ok
test core::update::tests::a_plan_from_another_protocol_version_is_not_usable ... ok
test terminal::boxdraw::tests::doubles_rounded_and_diagonals_reach_their_edges ... ok
test core::ssh_config::tests::report_says_when_the_root_config_could_not_be_read ... ok
test core::cli_install::unix_tests::an_occupied_directory_does_not_end_the_search ... ok
test terminal::boxdraw::tests::ink_stays_inside_the_cell ... ok
test terminal::boxdraw::tests::integer_scales_keep_their_previous_thickness ... ok
test terminal::boxdraw::tests::straight_strokes_snap_to_device_pixels ... ok
test terminal::boxdraw::tests::stroke_weights_are_ordered_and_visible ... ok
test core::ssh_config::tests::reimport_replaces_algorithms_on_an_existing_host ... ok
test terminal::cmd_editor::tests::backspace_and_delete ... ok
test terminal::boxdraw::tests::the_whole_range_is_covered ... ok
test terminal::cmd_editor::tests::character_deletes_leave_the_kill_buffer_alone ... ok
test terminal::cmd_editor::tests::clear_resets_line_cursor_and_undo_history ... ok
test terminal::cmd_editor::tests::cursor_motion_bounds ... ok
test terminal::cmd_editor::tests::delete_to_start_and_end ... ok
test terminal::cmd_editor::tests::delete_word_right_removes_following_word ... ok
test terminal::boxdraw::tests::stroke_weight_is_uniform_across_cells_at_any_scale ... ok
test terminal::cmd_editor::tests::deletions_before_a_selection_keep_it_on_the_same_text ... ok
test core::cli_install::unix_tests::the_shadow_check_names_whoever_wins_the_lookup ... ok
test terminal::cmd_editor::tests::extend_to_keeps_anchor ... ok
test terminal::cmd_editor::tests::extend_word_to_grows_by_whole_words_both_directions ... ok
test terminal::cmd_editor::tests::forward_word_delete_preserves_a_selection_it_did_not_touch ... ok
test terminal::cmd_editor::tests::forward_word_delete_with_selection_leaves_no_out_of_range_slice ... ok
test terminal::cmd_editor::tests::insert_and_text ... ok
test terminal::cmd_editor::tests::home_end_are_logical_line_relative_in_a_multiline_buffer ... ok
test terminal::cmd_editor::tests::kills_fill_the_kill_buffer_and_yank_puts_it_back ... ok
test terminal::cmd_editor::tests::insert_mid_line ... ok
test terminal::cmd_editor::tests::multibyte_byte_offset ... ok
test core::ssh_config::tests::report_groups_ignored_options_by_keyword_as_the_file_spells_them ... ok
test terminal::cmd_editor::tests::no_op_edit_between_real_edits_is_not_a_dead_undo_step ... ok
test terminal::cmd_editor::tests::mid_buffer_word_delete_shifts_the_anchor_instead_of_faking_a_selection ... ok
test terminal::cmd_editor::tests::path_component_delete_matches_word_delete_on_plain_words ... ok
test terminal::cmd_editor::tests::no_op_edit_does_not_swallow_the_first_undo ... ok
test terminal::cmd_editor::tests::path_component_delete_walks_a_path_one_segment_at_a_time ... ok
test core::ssh_config::tests::resolve_alias_maps_native_fields ... ok
test terminal::cmd_editor::tests::select_word_at_snaps_left_from_whitespace_and_clamps ... ok
test core::session::tests::connect_time_sync_mirrors_the_machines_listing ... ok
test terminal::cmd_editor::tests::select_word_and_all ... ok
test terminal::cmd_editor::tests::selection_basics_and_delete ... ok
test terminal::cmd_editor::tests::prepend_str_keeps_caret_and_selection_on_their_chars ... ok
test terminal::cmd_editor::tests::set_cursor_clamps ... ok
test terminal::cmd_editor::tests::set_with_cursor_sets_line_and_clamps ... ok
test core::ssh_config::tests::resolve_alias_proxy_jump_can_resolve_recursively ... ok
test terminal::cmd_editor::tests::set_replaces_and_puts_cursor_at_end ... ok
test terminal::cmd_editor::tests::typing_replaces_selection ... ok
test terminal::cmd_editor::tests::undo_redo_steps_through_edits ... ok
test terminal::cmd_editor::tests::select_word_stops_at_separators ... ok
test terminal::cmd_editor::tests::undo_restores_the_pre_edit_cursor_position ... ok
test terminal::cmd_editor::tests::the_paste_mark_lasts_exactly_one_line ... ok
test terminal::cmd_editor::tests::word_motion_and_delete ... ok
test terminal::cmd_editor::tests::yank_without_a_kill_does_nothing ... ok
test terminal::color_scheme::tests::a_dark_background_reports_dark_and_a_light_one_light ... ok
test core::ssh_config::tests::resolve_alias_wildcard_only_and_unknown ... ok
test terminal::command_cursor::tests::marks_parse_with_and_without_a_payload ... ok
test terminal::command_cursor::tests::a_style_set_at_the_prompt_is_left_alone ... ok
test terminal::completion::tests::a_command_position_never_asks_the_remote_for_a_listing ... ok
test terminal::command_cursor::tests::a_hook_after_the_command_mark_has_the_last_word ... ok
test terminal::command_cursor::tests::a_style_the_prompt_set_for_itself_is_what_comes_back ... ok
test terminal::command_cursor::tests::a_block_left_by_an_exiting_editor_goes_back_to_the_configured_bar ... ok
test terminal::completion::tests::a_metacharacter_inside_quotes_does_not_start_a_new_command ... ok
test terminal::completion::tests::common_prefix_spans_the_filtered_candidates ... ok
test terminal::completion::tests::merge_dedupes_resorts_and_refilters_to_live_word ... ok
test terminal::completion::tests::merge_preserves_a_surviving_highlight ... ok
test terminal::completion::tests::a_remote_pane_completes_commands_but_never_local_paths ... ok
test terminal::completion::tests::dir_only_commands_complete_only_directories ... ok
test terminal::completion::tests::completion_reenters_a_directory_inserted_with_an_escaped_space ... ok
test terminal::completion::tests::path_completion_keeps_dir_prefix_in_candidate ... ok
test terminal::completion::tests::refilter_falls_back_to_the_top_when_the_highlight_is_filtered_away ... ok
test terminal::completion::tests::refilter_narrows_keeps_surviving_highlight_and_closes_when_stale ... ok
test terminal::completion::tests::an_argument_after_a_pipe_still_completes_as_a_path ... ok
test terminal::completion::tests::mid_line_cursor_completes_only_the_word_before_it ... ok
test terminal::completion::tests::remote_path_candidates_mirror_the_local_path_rules ... ok
test terminal::completion::tests::candidates_ordered_by_closeness_then_alpha ... ok
test terminal::completion::tests::remote_path_request_declines_where_a_listing_cannot_help ... ok
test terminal::completion::tests::remote_path_request_splits_the_word_and_resolves_against_the_remote_cwd ... ok
test terminal::completion::tests::replacement_clamps_out_of_range_offsets_without_panicking ... ok
test terminal::completion::tests::resolve_dir_expands_tilde_to_home ... ok
test terminal::completion::tests::replacement_splices_over_the_char_range ... ok
test terminal::completion::tests::resolve_dir_handles_empty_absolute_and_relative ... ok
test terminal::completion::tests::select_moves_the_highlight_and_wraps_without_touching_candidates ... ok
test terminal::completion::tests::no_candidates_returns_none ... ok
test terminal::completion::tests::hidden_files_only_with_dot_prefix ... ok
test terminal::completion::tests::sort_by_closeness_orders_by_length_then_alpha ... ok
test terminal::completion::tests::path_completion_matches_prefix_and_flags_dirs ... ok
test terminal::composer::tests::a_closing_mention_is_left_behind_before_gemini_gets_enter ... ok
test terminal::completion::tests::a_remote_pane_still_gets_a_signatures_static_candidates ... ok
test terminal::composer::tests::a_command_left_in_grok_builds_input_is_cleared_first ... ok
test terminal::composer::tests::a_leading_bang_reaches_claude_and_gemini_as_a_key_of_its_own ... ok
test terminal::composer::tests::a_file_mention_is_spelled_from_the_panes_directory ... ok
test terminal::completion::tests::unknown_command_falls_back_to_paths ... ok
test terminal::composer::tests::a_mention_with_a_space_is_spelled_the_way_each_agent_reads_it ... ok
test terminal::composer::tests::a_plain_line_is_typed_then_entered_separately ... ok
test terminal::composer::tests::a_reported_model_is_checked_under_its_alias ... ok
test terminal::composer::tests::a_running_goose_turn_is_not_its_input ... ok
test terminal::composer::tests::a_sent_gemini_message_is_not_its_input ... ok
test terminal::composer::tests::a_slash_opens_the_menu_only_at_the_start_of_the_message ... ok
test terminal::composer::tests::amps_palette_and_notices_are_not_its_input ... ok
test terminal::composer::tests::amps_input_is_the_frame_at_the_bottom ... ok
test terminal::composer::tests::attachments_follow_the_text_as_shell_words ... ok
test terminal::composer::tests::an_at_opens_the_menu_at_the_start_of_any_word ... ok
test terminal::composer::tests::claude_asking_something_is_not_an_input_area ... ok
test terminal::composer::tests::claudes_default_mode_is_the_one_it_does_not_name ... ok
test terminal::composer::tests::claudes_input_is_the_ruled_block_with_the_prompt_in_it ... ok
test terminal::completion::tests::generator_script_tokens_join_with_single_spaces ... ok
test terminal::composer::tests::codebuddys_lists_and_approvals_are_not_its_input ... ok
test terminal::composer::tests::codebuddys_input_is_ruled_off_over_its_key_help ... ok
test terminal::composer::tests::codex_is_always_pasted ... ok
test terminal::composer::tests::codex_lists_are_not_its_input ... ok
test terminal::composer::tests::codex_input_starts_on_its_prompt_line_or_the_padding_above_it ... ok
test terminal::composer::tests::commands_that_start_with_the_query_come_before_ones_that_contain_it ... ok
test terminal::composer::tests::copilot_and_codebuddy_get_their_attachments_as_mentions_where_they_can ... ok
test terminal::composer::tests::copilot_and_gemini_wait_longer_after_a_paste ... ok
test terminal::composer::tests::copilot_is_always_pasted ... ok
test terminal::composer::tests::copilots_input_is_ruled_off_over_its_status_rows ... ok
test terminal::composer::tests::copilots_shaded_input_is_the_block_over_its_status_rows ... ok
test terminal::composer::tests::copilots_lists_and_dialogs_are_not_its_input ... ok
test terminal::composer::tests::each_agents_builtin_commands_are_distinct_slash_words ... ok
test terminal::completion::tests::a_remote_pane_never_runs_a_generator ... ok
test terminal::composer::tests::crushs_input_is_its_editor_over_the_key_help ... ok
test terminal::composer::tests::crushs_dialogs_are_not_its_input ... ok
test terminal::composer::tests::escapes_cannot_close_the_paste_early ... ok
test terminal::composer::tests::gemini_gets_its_attachments_as_mentions ... ok
test terminal::composer::tests::gemini_is_always_pasted ... ok
test terminal::composer::tests::geminis_input_is_its_framed_prompt ... ok
test terminal::composer::tests::geminis_unshaded_input_is_the_prompt_under_its_rule ... ok
test terminal::composer::tests::grok_builds_input_is_its_rounded_frame ... ok
test terminal::composer::tests::geminis_input_is_its_shaded_block_over_the_footer ... ok
test terminal::composer::tests::gooses_input_is_its_prompt_under_the_gauge_at_any_height ... ok
test terminal::composer::tests::grok_builds_lists_and_transcript_frames_are_not_its_input ... ok
test terminal::composer::tests::kimi_is_always_pasted ... ok
test terminal::composer::tests::kimis_lists_and_approvals_are_not_its_input ... ok
test terminal::composer::tests::claude_custom_commands_come_from_the_project_and_the_user ... ok
test terminal::composer::tests::mentions_are_cut_out_where_they_name_a_path ... ok
test terminal::composer::tests::mentions_close_before_enter_for_oh_my_pi_and_grok_and_prime_is_pasted ... ok
test terminal::composer::tests::kimis_input_is_the_frame_over_its_model_line ... ok
test terminal::composer::tests::omps_dialogs_are_not_its_input ... ok
test terminal::composer::tests::omps_input_hangs_under_its_status_line ... ok
test terminal::composer::tests::opencode2_composes_like_opencode ... ok
test terminal::composer::tests::model_ids_read_the_way_people_say_them ... ok
test terminal::composer::tests::opencode_and_amp_are_always_pasted ... ok
test terminal::composer::tests::oh_my_pi_gets_its_attachments_as_mentions ... ok
test terminal::composer::tests::opencode_and_amp_get_each_attachment_as_a_paste_of_its_own ... ok
test terminal::composer::tests::opencodes_input_is_the_bar_over_its_key_hints ... ok
test terminal::composer::tests::opencodes_lists_and_requests_are_not_its_input ... ok
test terminal::composer::tests::opencode_picks_each_mention_from_its_own_list ... ok
test terminal::composer::tests::pis_input_is_its_lowest_ruled_editor ... ok
test terminal::composer::tests::prime_agents_input_is_its_shaded_block_over_the_footer ... ok
test terminal::composer::tests::prime_agents_model_picker_is_not_its_input ... ok
test terminal::composer::tests::qoder_is_spoken_to_the_way_gemini_is ... ok
test terminal::composer::tests::pis_selectors_are_not_its_input ... ok
test terminal::composer::tests::qoders_shell_mode_is_read_off_its_prompt ... ok
test terminal::composer::tests::qwen_is_spoken_to_the_way_gemini_is ... ok
test terminal::composer::tests::qoders_input_is_ruled_off_under_its_mode_line ... ok
test terminal::composer::tests::qwens_input_is_ruled_off_over_its_status_rows ... ok
test terminal::composer::tests::qoders_lists_and_dialogs_are_not_its_input ... ok
test terminal::composer::tests::qwens_lists_and_dialogs_are_not_its_input ... ok
test terminal::composer::tests::qwens_shell_mode_is_read_off_its_prompt ... ok
test terminal::composer::tests::several_lines_go_as_one_paste ... ok
test terminal::composer::tests::text_left_in_crush_goose_and_amp_inputs_is_cleared_first ... ok
test terminal::composer::tests::the_grid_makes_room_only_for_what_the_input_does_not_hold ... ok
test terminal::composer::tests::without_bracketed_paste_line_breaks_stay_newlines_not_enters ... ok
test terminal::element::tests::a_blank_in_the_same_colour_lends_an_icon_its_cell ... ok
test terminal::element::tests::a_block_cursor_turns_its_cell_into_reverse_video ... ok
test terminal::element::tests::a_caret_the_colour_of_the_text_still_leaves_its_glyph_readable ... ok
test core::update::tests::an_updater_outcome_is_absorbed_exactly_once ... ok
test terminal::element::tests::a_drifted_run_paints_the_head_alone_and_restarts_at_its_own_column ... ok
test terminal::element::tests::a_face_that_adds_glyphs_is_left_alone ... ok
test terminal::element::tests::a_fallback_icon_is_fitted_to_its_cell_only_when_the_next_one_is_taken ... ok
test terminal::element::tests::a_fitted_icon_is_centred_in_its_room ... ok
test terminal::element::tests::a_ligature_cuts_the_run_at_the_column_that_drifted ... ok
test terminal::element::tests::a_link_is_pointed_out_faintly_until_the_modifier_is_down ... ok
test terminal::element::tests::a_narrow_icon_keeps_to_its_own_cell_even_when_the_next_is_free ... ok
test terminal::element::tests::a_cursor_parked_on_a_wide_char_inverts_the_half_that_holds_the_glyph ... ok
test terminal::element::tests::a_nerd_font_icon_before_a_space_takes_two_cells_at_full_size ... ok
test terminal::element::tests::a_preedit_with_nothing_to_show_leaves_the_cursor_cell_alone ... ok
test terminal::element::tests::a_run_is_as_long_in_bytes_as_it_is_wide_in_cells ... ok
test terminal::element::tests::a_run_that_does_not_drift_is_shaped_once_and_painted_whole ... ok
test terminal::element::tests::a_regional_indicator_pair_reaches_segment_row_as_two_plain_columns ... ok
test terminal::element::tests::a_run_that_drifts_twice_keeps_advancing_and_finishes ... ok
test terminal::element::tests::a_run_that_keeps_one_glyph_per_cell_is_painted_whole ... ok
test terminal::element::tests::a_small_icon_from_a_narrow_face_grows_to_fill_its_cell ... ok
test terminal::element::tests::a_solo_segment_is_held_to_its_cell_only_where_its_ink_was_measured ... ok
test terminal::element::tests::an_emoji_only_shrinks_where_the_face_is_narrow_and_the_next_cell_is_taken ... ok
test terminal::element::tests::bold_italic_flag_sets_both_emphases ... ok
test terminal::element::tests::blend_toward_mixes_in_rgb_space_and_keeps_alpha ... ok
test terminal::completion::tests::a_foreign_pane_lists_paths_but_never_runs_this_machine ... ok
test terminal::element::tests::caret_ink_takes_whichever_of_the_two_reads_on_the_caret ... ok
test terminal::element::tests::build_font_emits_the_pinned_feature_set_for_each_ligature_setting ... ok
test terminal::element::tests::cell_rect_maps_grid_to_pixels ... ok
test terminal::element::tests::dim_cell_blends_truecolor_cells_toward_the_under ... ok
test terminal::element::tests::char_string_memoizes_per_char ... ok
test terminal::element::tests::build_font_sets_weight_and_style ... ok
test terminal::element::tests::dimming_a_stacked_fill_stays_continuous_with_its_segment ... ok
test terminal::element::tests::drag_overshoot_signed_by_edge_and_zero_inside ... ok
test terminal::element::tests::dim_flag_reduces_foreground_intensity ... ok
test terminal::element::tests::faint_text_on_dark_builtins_is_the_plain_fade ... ok
test terminal::element::tests::faint_text_is_the_plain_fade_with_the_legibility_switch_off ... ok
test terminal::element::tests::fill_under_maps_preset_fills_to_their_premultiplied_under ... ok
test terminal::element::tests::fit_scale_shrinks_what_overflows_and_never_enlarges ... ok
test terminal::element::tests::faint_text_keeps_the_text_floor_on_every_light_builtin ... ok
test terminal::element::tests::hidden_paints_the_foreground_as_the_background ... ok
test terminal::element::tests::faint_text_stays_fainter_than_plain_text ... ok
test terminal::element::tests::icon_fit_leaves_what_is_already_the_right_size_alone ... ok
test terminal::element::tests::inverse_swaps_colors_and_always_paints_the_background ... ok
test terminal::element::tests::native_cells_keep_only_decorations_that_need_glyph_shaping ... ok
test terminal::element::tests::natively_drawn_cells_keep_decorations_owned_by_text_shaping ... ok
test terminal::element::tests::only_a_plain_blank_cell_counts_as_room ... ok
test terminal::element::tests::only_private_use_code_points_count_as_icons ... ok
test terminal::element::tests::paint_colors_dimmed_keeps_translucent_tint_alphas ... ok
test terminal::element::tests::only_real_combining_marks_set_marks ... ok
test terminal::element::tests::powerline_path_fills_exactly_one_cell ... ok
test terminal::element::tests::powerline_shape_maps_only_the_solid_separators ... ok
test terminal::element::tests::powerline_solid_edge_covers_only_the_fractional_device_pixel ... ok
test terminal::element::tests::powerline_solid_edge_sanitizes_invalid_scale ... ok
test terminal::element::tests::pos_to_cell_clamps_and_detects_halves ... ok
test terminal::element::tests::powerline_solid_edge_skips_device_aligned_edges ... ok
test terminal::element::tests::powerline_solid_edge_skips_translucent_separators ... ok
test terminal::element::tests::premultiplied_under_scales_rgb_by_the_window_opacity_and_stays_opaque ... ok
test terminal::element::tests::resolve_covers_every_color_slot ... ok
test terminal::element::tests::seg_budget_frees_solo_symbols_and_lends_a_cell_only_when_one_is_free ... ok
test terminal::element::tests::segment_row_absorbs_sara_am_into_its_base ... ok
test terminal::element::tests::segment_row_batches_uniform_ascii ... ok
test terminal::element::tests::segment_row_ends_underlined_runs_at_blanks ... ok
test terminal::element::tests::segment_row_gives_each_wide_glyph_its_own_segment ... ok
test terminal::element::tests::segment_row_ignores_blank_rows ... ok
test terminal::element::tests::segment_row_isolates_narrow_fullwidth_punctuation ... ok
test core::update::tests::update_state_round_trips_and_defaults ... ok
test terminal::element::tests::segment_row_joins_plain_runs_across_gaps_but_trims_edges ... ok
test terminal::element::tests::segment_row_keeps_a_blank_that_carries_marks ... ok
test terminal::element::tests::segment_row_keeps_decorated_blank_runs ... ok
test terminal::element::tests::segment_row_keeps_powerline_separators_solo ... ok
test terminal::element::tests::segment_row_leaves_a_baseless_sara_am_alone ... ok
test terminal::element::tests::segment_row_isolates_non_ascii ... ok
test terminal::element::tests::segment_row_leaves_an_unpaired_regional_indicator_alone ... ok
test terminal::element::tests::segment_row_leaves_spacerless_wide_char_solo ... ok
test terminal::element::tests::segment_row_never_batches_a_marked_cell ... ok
test terminal::element::tests::segment_row_splits_on_style_changes ... ok
test terminal::element::tests::segment_row_joins_a_regional_indicator_pair ... ok
test terminal::element::tests::segment_row_tracks_wide_columns_across_styles_and_gaps ... ok
test terminal::element::tests::selected_cells_keep_their_own_colors_for_the_translucent_wash ... ok
test terminal::element::tests::sgr58_underline_color_resolves_through_the_palette ... ok
test terminal::element::tests::special_underlines_are_not_overpainted_by_link_hover ... ok
test terminal::element::tests::segment_row_shapes_combining_marks_with_their_base ... ok
test terminal::element::tests::terminal_cursor_shape_maps_to_painted_cursor_style ... ok
test terminal::element::tests::special_underlines_have_distinct_device_pixel_geometry ... ok
test terminal::element::tests::theme_under_premultiplies_by_the_theme_background_alpha ... ok
test terminal::element::tests::to_hsla_normalizes_channels_and_alpha ... ok
test terminal::element::tests::underline_flag_bits_map_to_their_variants ... ok
test terminal::element::tests::wide_char_spacers_defer_to_the_leading_cell ... ok
test terminal::fps::tests::the_line_reads_as_frames_and_paint_time ... ok
test terminal::fuzzy::tests::blank_query_is_no_match ... ok
test terminal::fuzzy::tests::consecutive_run_beats_scattered_letters ... ok
test terminal::fuzzy::tests::gaps_are_penalized_by_length ... ok
test terminal::element::tests::strikeout_flag_maps_to_a_text_decoration ... ok
test terminal::fuzzy::tests::non_subsequence_is_no_match ... ok
test terminal::fuzzy::tests::matching_is_case_insensitive ... ok
test terminal::fuzzy::tests::positions_pick_the_best_alignment ... ok
test terminal::fuzzy::tests::unicode_haystacks_match_by_char ... ok
test terminal::fuzzy::tests::multi_term_queries_must_all_match_and_merge_positions ... ok
test terminal::fuzzy::tests::word_boundary_beats_mid_word ... ok
test terminal::generator::tests::apt_takes_name_before_slash ... ok
test terminal::generator::tests::cargo_packages_dedupes_by_name ... ok
test terminal::generator::tests::cargo_features_reads_feature_keys ... ok
test terminal::generator::tests::colon_kv_serves_stash_tmux_and_gh_alias ... ok
test terminal::generator::tests::conda_pkg_and_env_skip_comment_headers ... ok
test terminal::generator::tests::default_parser_splits_lines_trims_and_skips_blanks ... ok
test terminal::generator::tests::docker_image_cols_joins_repo_tag_drops_none ... ok
test terminal::generator::tests::docker_image_json_joins_repo_tag_drops_none ... ok
test terminal::generator::tests::docker_names_extracts_names_or_name ... ok
test terminal::generator::tests::git_alias_strips_prefix_keeps_expansion ... ok
test terminal::generator::tests::git_branch_all_strips_remotes_prefix_and_drops_head_symref ... ok
test terminal::generator::tests::git_branch_registry_strips_markers_and_drops_detached ... ok
test terminal::generator::tests::git_branch_remote_drops_head_symref ... ok
test terminal::generator::tests::gh_pr_uses_number_and_title ... ok
test terminal::generator::tests::git_status_takes_path_and_rename_target ... ok
test terminal::generator::tests::gh_repos_reads_name_with_owner_per_line ... ok
test terminal::generator::tests::git_config_keeps_multiword_and_empty_values ... ok
test terminal::generator::tests::kube_table_skips_header ... ok
test terminal::generator::tests::oneline_splits_hash_and_subject ... ok
test terminal::generator::tests::package_scripts_reads_scripts_map ... ok
test terminal::generator::tests::git_remote_dedupes_fetch_push_pairs ... ok
test terminal::generator::tests::pip_skips_header_and_underline ... ok
test terminal::generator::tests::registry_has_no_duplicate_keys ... ok
test terminal::generator::tests::rustup_target_notes_installed ... ok
test terminal::generator::tests::rustup_toolchain_strips_marker_to_description ... ok
test terminal::generator::tests::ssh_host_labels_each_line ... ok
test terminal::generator::tests::suppress_returns_nothing ... ok
test terminal::generator::tests::turbo_tasks_reads_tasks_then_pipeline ... ok
test terminal::git_data::tests::a_bump_makes_a_fresh_read_stale_again ... ok
test terminal::git_data::tests::a_burst_inside_the_window_costs_one_probe ... ok
test terminal::git_data::tests::a_closed_window_gives_back_what_it_held ... ok
test terminal::generator::tests::terraform_workspace_strips_active_marker ... ok
test terminal::git_data::tests::a_directory_that_is_not_a_repository_is_only_asked_once ... ok
test terminal::git_data::tests::a_git_reason_drops_its_severity_prefix_and_reads_as_a_sentence ... ok
test terminal::git_data::tests::a_linked_worktree_watches_both_of_its_directories ... ok
test terminal::git_data::tests::a_network_slot_comes_back_however_the_operation_ends ... ok
test terminal::git_data::tests::a_new_burst_gets_a_new_sequence_so_the_old_timer_stops ... ok
test terminal::completion::tests::signature_offers_flags_for_the_active_subcommand ... ok
test terminal::git_data::tests::a_plain_repository_watches_its_git_dir_and_the_three_ref_roots ... ok
test terminal::git_data::tests::a_repository_that_goes_away_stops_being_reported_as_one ... ok
test terminal::git_data::tests::a_repository_nobody_has_read_counts_as_stale ... ok
test terminal::git_data::tests::a_windows_host_gets_its_own_separator ... ok
test terminal::git_data::tests::a_write_and_the_watcher_event_it_causes_probe_once ... ok
test terminal::git_data::tests::an_app_with_nothing_open_does_not_touch_the_global ... ok
test terminal::git_data::tests::an_unending_burst_still_fires_at_the_ceiling ... ok
test terminal::git_data::tests::an_unsubscribed_repository_costs_nothing_but_an_epoch ... ok
test terminal::git_data::tests::clearing_a_host_forgets_what_it_looked_like ... ok
test terminal::git_data::tests::clearing_a_host_takes_the_watch_and_the_subscription_with_it ... ok
test terminal::git_data::tests::dropping_a_watch_forgets_the_burst_with_it ... ok
test terminal::git_data::tests::declaring_the_same_target_twice_does_not_count_twice ... ok
test terminal::git_data::tests::epochs_do_not_leak_between_hosts ... ok
test terminal::git_data::tests::network_slots_are_counted_per_repository_and_per_host ... ok
test terminal::git_data::tests::moving_a_subscriber_to_another_repository_releases_the_first ... ok
test terminal::git_data::tests::only_repositories_without_a_watch_are_asked_for_one ... ok
test terminal::git_data::tests::releasing_a_repository_nobody_holds_does_not_underflow ... ok
test terminal::git_data::tests::shell_quote_does_not_leave_an_empty_argument_bare ... ok
test terminal::git_data::tests::shell_quote_leaves_a_plain_argv_alone ... ok
test terminal::completion::tests::signature_offers_subcommands_after_command ... ok
test terminal::git_data::tests::shell_quote_survives_a_round_trip_through_a_shell ... ok
test terminal::git_data::tests::the_last_holder_out_moves_the_generation ... ok
test terminal::git_data::tests::too_many_branch_namespaces_are_dropped_rather_than_watched ... ok
test terminal::git_data::tests::the_tracked_host_list_is_what_the_sweep_looks_at ... ok
test terminal::git_status::tests::a_diff_for_a_repo_nobody_probed_is_dropped ... ok
test terminal::git_data::tests::two_windows_watching_different_repositories_keep_both ... ok
test terminal::git_status::tests::a_diff_read_corrects_the_counts ... ok
test terminal::git_status::tests::a_diff_read_settles_a_branch_it_learned_the_root_of_from_git ... ok
test terminal::git_status::tests::a_diff_read_settles_a_branch_the_cache_has_stale ... ok
test terminal::git_status::tests::a_diff_of_something_other_than_head_leaves_the_counts_alone ... ok
test terminal::git_status::tests::a_failed_probe_leaves_what_was_known ... ok
test terminal::git_status::tests::a_linked_worktrees_root_is_not_its_home ... ok
test terminal::git_status::tests::a_repository_on_another_machine_keeps_that_machines_spelling ... ok
test terminal::completion::tests::generator_arg_pends_scripts_and_suppresses_path_fallback ... ok
test terminal::git_status::tests::clearing_a_host_leaves_the_others_alone ... ok
test terminal::git_status::tests::cwds_in_one_repo_share_a_snapshot ... ok
test terminal::git_status::tests::concurrent_triggers_fold_into_one_probe_then_rerun ... ok
test terminal::git_status::tests::failed_diff_keeps_previous_counts ... ok
test terminal::completion::tests::signature_narrows_subcommands_by_prefix ... ok
test terminal::git_status::tests::non_repo_cwd_clears_only_itself ... ok
test terminal::git_status::tests::one_directory_spelled_three_ways_is_one_repository ... ok
test terminal::git_status::tests::known_repo_for_is_three_valued ... ok
test terminal::git_status::tests::throttle_collapses_subdirectories_of_one_repo ... ok
test terminal::git_status::tests::throttled_probes_decline_instead_of_queueing ... ok
test terminal::git_status::tests::one_path_on_two_machines_is_two_entries ... ok
test terminal::git_status::tests::worktrees_share_a_repo_but_not_a_status ... ok
test terminal::highlight::tests::command_args_flags_strings ... ok
test terminal::highlight::tests::command_position_wins_over_flag_and_path_shapes ... ok
test terminal::highlight::tests::command_resets_after_pipe_and_operators ... ok
test terminal::highlight::tests::leading_operator_and_quoted_first_word ... ok
test terminal::highlight::tests::multibyte_text_tiles_exactly ... ok
test terminal::highlight::tests::paths_and_comments ... ok
test terminal::highlight::tests::unterminated_quote_consumes_rest ... ok
test terminal::history::tests::a_borrowed_mtime_slots_untimestamped_entries_into_the_timeline ... ok
test terminal::history::tests::a_label_that_is_not_a_filename_still_gets_its_own_file ... ok
test terminal::history::tests::a_multiline_fish_command_is_skipped_not_half_recalled ... ok
test terminal::history::tests::a_remote_fish_history_is_read_as_fish_not_as_bash_lines ... ok
test terminal::history::tests::a_remote_scope_reads_the_far_end_s_own_shell_history ... ok
test terminal::history::tests::an_empty_label_falls_back_to_local_rather_than_a_nameless_file ... ok
test terminal::completion::tests::signature_resolves_nested_subcommands ... ok
test terminal::history::tests::bash_timestamp_comments_stamp_the_next_command ... ok
test terminal::history::tests::bash_timestamp_recognizes_only_all_digit_comments ... ok
test terminal::highlight::tests::double_operator_runs ... ok
test terminal::history::tests::fish_escapes_only_backslash_and_newline ... ok
test terminal::history::tests::fish_history_entries_carry_cmd_and_timestamp ... ok
test terminal::history::tests::fish_history_garbage_is_skipped ... ok
test terminal::history::tests::file_mtime_secs_reads_a_real_file_and_gives_up_on_a_missing_one ... ok
test terminal::history::tests::fish_history_missing_or_quoted_when_is_tolerated ... ok
test terminal::history::tests::fish_paths_and_stray_lines_never_become_commands ... ok
test terminal::history::tests::fish_writes_commands_unquoted_so_yaml_punctuation_is_just_text ... ok
test terminal::history::tests::frecency_favours_commands_run_in_the_current_directory ... ok
test terminal::history::tests::frecency_ranks_frequent_over_merely_recent ... ok
test terminal::history::tests::frecency_scores_favour_the_newer_of_two_equals ... ok
test terminal::history::tests::looks_absolute_recognizes_unix_and_windows_roots ... ok
test terminal::history::tests::multiline_commands_are_split_not_joined ... ok
test terminal::history::tests::normalize_collects_directories_per_command ... ok
test terminal::history::tests::normalize_dedups_keeping_latest_and_drops_blanks ... ok
test terminal::history::tests::normalize_keeps_the_most_recent_runs_metadata ... ok
test terminal::history::tests::normalize_orders_by_timestamp_not_by_which_file_was_concatenated_last ... ok
test terminal::history::tests::parse_own_line_reads_all_generations ... ok
test terminal::history::tests::plain_bash_lines ... ok
test terminal::history::tests::stamp_missing_fills_blanks_and_leaves_real_timestamps_alone ... ok
test terminal::history::tests::append_then_load_recovers_the_command_and_metadata ... ok
test terminal::history::tests::start_of_command_strips_prefixes_and_keeps_timestamps ... ok
test terminal::history::tests::the_fish_history_path_is_spelled_the_same_way_everywhere ... ok
test terminal::history::tests::zsh_extended_prefix_is_stripped_and_timestamp_kept ... ok
test terminal::history::tests::append_rejects_a_cwd_that_would_break_the_line_format ... ok
test terminal::history::tests::two_remotes_keep_their_own_stores ... ok
test terminal::hold::tests::a_paste_held_in_the_gap_reaches_the_editor_marked ... ok
test terminal::history::tests::format_ago_picks_readable_units ... ok
test terminal::hold::tests::backspace_folds_for_the_editor_but_dumps_verbatim ... ok
test terminal::hold::tests::engage_inside_the_window_cancels_the_pending_dump ... ok
test terminal::hold::tests::fast_command_gap_replays_into_the_editor_and_never_touches_the_pty ... ok
test terminal::hold::tests::timeout_dumps_typed_bytes_once_and_goes_passthrough ... ok
test terminal::hold::tests::unreconstructable_input_releases_the_hold_in_typed_order ... ok
test terminal::history::tests::a_remote_scope_never_serves_the_local_machine_s_history ... ok
test terminal::images::tests::anonymous_images_coexist ... ok
test terminal::images::tests::decodes_rgba_and_swaps_to_bgra ... ok
test terminal::images::tests::delete_all_clears_everything ... ok
test terminal::images::tests::delete_by_id_leaves_others ... ok
test terminal::images::tests::deletes_and_clear_retire_render_images ... ok
test terminal::images::tests::delete_all_cancels_an_anonymous_frame_already_being_decoded ... ok
test terminal::images::tests::delete_cancels_a_frame_already_being_decoded ... ok
test terminal::history::tests::concurrent_appends_never_interleave_records ... ok
test terminal::images::tests::replacing_a_frame_retires_the_old_render_image ... ok
test terminal::images::tests::release_drains_retired_and_current_atlas_images ... ok
test terminal::images::tests::same_id_replaces_in_place ... ok
test terminal::images::tests::overflow_drops_the_oldest ... ok
test terminal::images::tests::stale_snapshot_cannot_be_claimed_after_replacement ... ok
test terminal::images::tests::same_id_burst_is_bounded_before_decoder_can_drain ... ok
test terminal::images::tests::unknown_selector_is_a_no_op ... ok
test terminal::images::tests::retransmit_after_delete_wins_over_the_old_in_flight_frame ... ok
test terminal::images::tests::unpainted_replacements_do_not_accumulate_retired_pixels ... ok
test terminal::images::tests::worker_decodes_and_places_off_thread ... ok
test terminal::images::tests::worker_coalesces_a_same_id_burst_to_one_placement ... ok
test terminal::input::tests::app_cursor_mode_leaves_the_function_keys_alone ... ok
test terminal::input::tests::app_cursor_mode_leaves_modified_arrows_and_tilde_keys_alone ... ok
test terminal::images::tests::worker_keeps_distinct_ids ... ok
test terminal::input::tests::cmd_does_not_modify_a_function_key ... ok
test terminal::input::tests::app_cursor_mode_switches_the_arrow_keys_to_ss3 ... ok
test terminal::input::tests::keystroke_to_bytes_alt_prefixes_printable_and_ignores_empty_char ... ok
test terminal::input::tests::keystroke_to_bytes_covers_the_named_key_table ... ok
test terminal::input::tests::keystroke_to_bytes_ctrl_alt_letter_prefixes_meta_escape ... ok
test terminal::input::tests::keystroke_to_bytes_ctrl_plus_cmd_is_not_a_c0_byte ... ok
test terminal::input::tests::keystroke_to_bytes_emits_multibyte_utf8_char ... ok
test terminal::input::tests::keystroke_to_bytes_emits_printable_text_but_not_under_cmd ... ok
test terminal::input::tests::keystroke_to_bytes_encodes_f1_through_f12_like_terminfo ... ok
test terminal::input::tests::keystroke_to_bytes_encodes_modified_named_keys_like_xterm ... ok
test terminal::input::tests::keystroke_to_bytes_ignores_cmd_when_encoding_named_keys ... ok
test terminal::input::tests::keystroke_to_bytes_maps_control_letters ... ok
test terminal::input::tests::keystroke_to_bytes_maps_control_symbols_and_digit_two ... ok
test terminal::input::tests::keystroke_to_bytes_maps_named_keys_and_alt_prefix ... ok
test terminal::input::tests::keystroke_to_bytes_maps_the_whole_vt220_control_table ... ok
test terminal::input::tests::keystroke_to_bytes_modifies_function_keys_like_terminfo ... ok
test terminal::input::tests::kitty_defers_plain_text_to_legacy ... ok
test terminal::input::tests::kitty_associated_text_drops_del_and_c1_controls ... ok
test terminal::input::tests::kitty_disambiguate_keeps_plain_enter_tab_backspace_legacy ... ok
test terminal::input::tests::kitty_encodes_function_keys_like_the_legacy_path ... ok
test terminal::input::tests::kitty_encodes_functional_keys_with_modifiers ... ok
test terminal::input::tests::kitty_escapes_ctrl_and_alt_text_chords ... ok
test terminal::input::tests::kitty_disambiguates_special_keys_and_ctrl_i_vs_tab ... ok
test terminal::input::tests::kitty_newline_chords_take_precedence_over_conpty_encoding ... ok
test terminal::input::tests::kitty_off_is_byte_identical_to_legacy ... ok
test terminal::input::tests::kitty_never_encodes_cmd_chords ... ok
test terminal::input::tests::kitty_report_all_keys_escapes_plain_enter_tab_backspace ... ok
test terminal::input::tests::kitty_report_all_keys_escapes_plain_text_with_associated_text ... ok
test terminal::input::tests::kitty_spells_f3_thirteen_because_csi_r_is_a_cursor_report ... ok
test terminal::input::tests::legacy_newline_preserves_ctrl_j_for_native_console_readers ... ok
test terminal::input::tests::meta_chords_skip_the_ime_only_when_option_is_meta ... ok
test terminal::input::tests::non_text_keys_never_defer_to_the_ime ... ok
test terminal::input::tests::option_as_alt_off_sends_composed_text_bare ... ok
test terminal::input::tests::option_as_alt_on_sends_esc_plus_base_key ... ok
test terminal::input::tests::option_reshape_composes_with_the_kitty_encoder ... ok
test terminal::input::tests::option_reshape_leaves_named_keys_and_ctrl_chords_alone ... ok
test terminal::input::tests::plain_text_defers_to_the_ime_unless_kitty_wants_every_key ... ok
test terminal::input::tests::shifted_text_follows_the_same_ime_rule ... ok
test terminal::input::tests::tab_bytes_follows_the_disambiguate_rule ... ok
test terminal::input::tests::terminfo_stops_at_f12_and_kitty_carries_on_to_f24 ... ok
test terminal::link_probe::tests::a_directory_cannot_answer_a_token_carrying_a_line_number ... ok
test terminal::link_probe::tests::a_miss_is_an_answer_and_is_not_asked_for_again ... ok
test terminal::link_probe::tests::an_unknown_path_is_asked_for_once ... ok
test terminal::link_probe::tests::answers_do_not_survive_a_change_of_host ... ok
test terminal::link_probe::tests::landing_reports_only_answers_that_change_something ... ok
test terminal::loopback::tests::detects_loopback_url_span_in_text ... ok
test terminal::loopback::tests::parses_bare_loopback_hosts_as_http ... ok
test terminal::loopback::tests::parses_scheme_loopback_urls ... ok
test terminal::loopback::tests::rejects_non_loopback_or_ambiguous_tokens ... ok
test terminal::onekey::tests::arrows_navigate_and_enter_moves_to_fill_stage ... ok
test terminal::onekey::tests::backspace_in_fill_stage_returns_to_entry_list ... ok
test terminal::onekey::tests::cancel_sends_zero_bytes ... ok
test terminal::onekey::tests::choose_then_fill_username_password_sequence ... ok
test terminal::onekey::tests::empty_list_cannot_choose ... ok
test terminal::onekey::tests::escape_cancels_from_either_stage ... ok
test terminal::onekey::tests::fill_stage_keys_select_what_to_fill ... ok
test terminal::onekey::tests::filter_chars_narrow_and_backspace_restores ... ok
test terminal::onekey::tests::filter_narrows_and_cursor_wraps ... ok
test terminal::palette::tests::build_lays_out_the_256_color_cube_and_ramp ... ok
test terminal::palette::tests::hsla_to_rgb_round_trips_a_known_color ... ok
test terminal::pane_liveness::tests::a_machine_tree_answers_with_the_panes_its_daemon_is_running ... ok
test terminal::pane_liveness::tests::a_workspace_with_no_claimed_panes_is_never_alive ... ok
test terminal::pane_liveness::tests::freshness_is_per_machine ... ok
test terminal::pane_liveness::tests::local_never_renders_as_unknown ... ok
test terminal::pane_liveness::tests::one_machines_answer_never_speaks_for_another ... ok
test terminal::pane_liveness::tests::probes_are_deduplicated_and_then_throttled_by_the_ttl ... ok
test terminal::pane_liveness::tests::the_three_states_come_from_three_different_situations ... ok
test terminal::pane_liveness::tests::ttls_are_ordered_by_what_the_query_costs ... ok
test terminal::parked_cursor::tests::a_frame_split_across_reads_is_still_paired ... ok
test terminal::parked_cursor::tests::a_frame_that_ends_on_a_move_is_left_alone ... ok
test terminal::parked_cursor::tests::a_frame_that_ends_on_an_erase_parks_the_cursor ... ok
test terminal::parked_cursor::tests::a_show_without_a_hide_is_never_parked ... ok
test terminal::parked_cursor::tests::a_parked_show_lands_back_on_the_cell_the_frame_hid ... ok
test terminal::parked_cursor::tests::a_show_the_frame_moved_to_is_left_where_it_is ... ok
test terminal::parked_cursor::tests::a_line_written_with_the_cursor_off_keeps_its_end_of_text_cell ... ok
test terminal::parked_cursor::tests::an_unrelated_private_mode_is_not_a_visibility_change ... ok
test terminal::parked_cursor::tests::colour_and_title_between_the_move_and_the_show_dont_break_the_pairing ... ok
test terminal::parked_cursor::tests::hiding_the_cursor_to_write_a_line_is_not_a_frame ... ok
test terminal::parked_cursor::tests::offsets_land_one_past_the_sequence ... ok
test terminal::parked_cursor::tests::text_before_the_show_ends_the_run ... ok
test terminal::prompt_reflow::tests::a_prompt_continuing_the_output_row_keeps_its_wrap ... ok
test terminal::prompt_reflow::tests::back_to_back_reflows_before_the_redraw_strand_nothing ... ok
test terminal::prompt_reflow::tests::a_wrapped_command_line_is_redrawn_in_place ... ok
test terminal::prompt_reflow::tests::output_without_a_newline_survives_a_resize_at_the_prompt ... ok
test terminal::prompt_reflow::tests::a_prompt_narrowed_under_its_right_side_leaves_no_fragments ... ok
test terminal::prompt_reflow::tests::prompt_marks_parse ... ok
test terminal::prompt_reflow::tests::only_a_column_change_at_a_prompt_is_handed_back ... ok
test terminal::prompt_reflow::tests::the_alternate_screen_is_left_alone ... ok
test terminal::prompt_reflow::tests::widening_keeps_dangling_output_off_the_prompt_row ... ok
test terminal::remote::chunking_tests::a_retired_reader_leaves_the_grid_alone ... ok
test terminal::history::tests::normalize_dedups_counts_and_caps_entries ... ok
test terminal::remote::config_tests::windows_panes_opt_into_conpty_resize_semantics ... ok
test terminal::remote::notification_tests::a_foreign_identifier_reveals_nothing ... ok
test terminal::remote::notification_tests::a_notification_from_another_process_reveals_nothing ... ok
test terminal::remote::notification_tests::a_notification_identifier_carries_its_pane_back_out ... ok
test terminal::remote::notification_tests::sanitizing_clamps_by_chars_not_bytes ... ok
test terminal::remote::notification_tests::sanitizing_drops_control_bytes_but_keeps_line_breaks ... ok
test terminal::remote::notification_tests::two_notifications_for_one_pane_do_not_replace_each_other ... ok
test terminal::remote::osc_tests::an_unread_queue_keeps_only_the_newest_notes ... ok
test terminal::remote::osc_tests::claude_codes_kitty_and_ghostty_channels ... ok
test terminal::remote::osc_tests::conemu_osc9_subcommands_are_not_notifications ... ok
test terminal::remote::osc_tests::osc9_bel_and_st_terminators ... ok
test terminal::remote::osc_tests::parse_rejects_empty_and_unrelated ... ok
test terminal::remote::osc_tests::resyncs_on_new_osc_after_an_unterminated_one ... ok
test terminal::remote::osc_tests::osc777_notify_title_and_body ... ok
test terminal::remote::osc_tests::uninteresting_osc_is_ignored_cheaply ... ok
test terminal::remote::osc_tests::split_across_reads_is_reassembled ... ok
test terminal::remote::parked_cursor_tests::a_local_route_is_a_conpty_only_where_conhost_exists ... ok
test terminal::prompt_reflow::tests::a_line_at_the_bottom_scrolls_the_output_above_it ... ok
test terminal::remote::osc_tests::a_burst_of_notes_is_handed_over_as_its_newest_few ... ok
test terminal::remote::parked_cursor_tests::a_routed_pane_reads_a_raw_pty_whatever_the_client_was_built_for ... ok
test terminal::remote::parked_cursor_tests::a_conpty_frame_that_moves_the_cursor_before_showing_it_is_obeyed ... ok
test terminal::remote::parked_cursor_tests::a_conpty_frame_that_shows_the_cursor_over_an_erase_keeps_the_cell_it_hid_on ... ok
test terminal::remote::parked_cursor_tests::a_raw_pty_repaint_keeps_the_cursor_the_frame_left_so_the_echo_lands_on_it ... ok
test terminal::remote::parked_cursor_tests::a_native_ssh_context_turns_the_repair_off_mid_stream ... ok
test terminal::remote::parked_cursor_tests::the_same_frame_off_a_raw_pty_leaves_the_cursor_where_the_frame_left_it ... ok
test terminal::completion::tests::command_position_offers_builtins_with_word_range ... ok
test terminal::completion::tests::a_remote_pane_offers_builtins_but_never_this_machines_binaries ... ok
test terminal::generator::tests::nonzero_exit_yields_no_results ... ok
test terminal::generator::tests::run_captures_stdout_lines ... ok
test terminal::remote::route_header_tests::an_unroutable_workspace_is_not_named_by_its_profile_uuid ... ok
test terminal::completion::tests::the_word_after_a_pipe_completes_as_a_command ... ok
test terminal::remote::chunking_tests::a_streamed_response_parses_the_same_at_every_split ... ok
test terminal::remote::replayed_mode_tests::a_replayed_mode_frame_puts_the_client_back_on_the_alternate_screen ... ok
test terminal::remote::replay_tests::a_replayed_prompt_report_decides_whether_the_alternate_screen_survives ... ok
test terminal::remote::tests::a_live_size_echo_at_a_prompt_leaves_one_prompt ... ok
test terminal::remote::replay_tests::every_replayed_segment_reaches_the_grid ... ok
test terminal::remote::tests::a_live_attach_hands_its_replay_bytes_to_the_reader ... ok
test terminal::remote::tests::a_local_attach_does_not_wait_as_long_as_a_remote_one ... ok
test terminal::remote::tests::a_local_pane_prefixes_nothing ... ok
test terminal::remote::tests::a_local_spawn_carries_its_workspace_so_the_shell_gets_tty7_ws ... ok
test terminal::remote::tests::a_local_stdio_workspace_routes_to_a_child_process_on_the_pane_dialect ... ok
test terminal::remote::tests::a_backlog_nothing_drains_is_reported_as_a_lost_link ... ok
test terminal::remote::replay_tests::the_attach_handshakes_prefix_carries_the_replay_it_swallowed ... ok
test terminal::remote::tests::a_remote_pane_routes_to_its_machine_on_the_pane_channel ... ok
test terminal::remote::tests::a_reattached_link_marks_only_its_first_status_report_as_replayed ... ok
test terminal::remote::tests::a_relink_delivers_the_resize_made_while_the_link_was_down ... ok
test terminal::remote::tests::a_size_frame_alone_is_a_live_attach ... ok
test terminal::remote::tests::a_write_on_a_retired_link_does_not_mark_the_pane_gone ... ok
test terminal::remote::replay_tests::a_resize_racing_the_replay_keeps_the_replayed_screen ... ok
test terminal::remote::tests::a_paste_larger_than_the_backlog_bound_is_not_a_dead_link ... ok
test terminal::remote::tests::a_remote_route_without_the_advertised_echo_reflows_at_request_time ... ok
test terminal::remote::tests::a_wsl_workspace_routes_by_distro ... ok
test terminal::remote::tests::an_attach_the_daemon_hangs_up_on_is_an_error ... ok
test terminal::remote::tests::an_attach_to_a_missing_pane_is_an_error_not_a_disconnect ... ok
test terminal::remote::tests::a_shell_report_that_beat_the_seed_wins ... ok
test terminal::remote::tests::a_write_the_link_refuses_marks_the_pane_gone_once ... ok
test terminal::remote::tests::an_unroutable_workspace_is_not_treated_as_local ... ok
test terminal::remote::tests::an_echoed_resize_reasserts_geometry_after_a_late_size_frame ... ok
test terminal::remote::tests::agent_session_follows_daemon_status_reports ... ok
test terminal::remote::tests::at_prompt_follows_daemon_prompt_reports ... ok
test terminal::remote::tests::at_prompt_stays_false_while_shell_integration_is_inactive ... ok
test terminal::remote::chunking_tests::a_batch_fed_in_slices_parses_as_one ... ok
test terminal::remote::tests::a_block_an_exiting_command_left_is_undone_at_its_finish_mark ... ok
test terminal::remote::tests::decrqm_probe_reports_sync_update_supported ... ok
test terminal::remote::tests::child_exit_is_distinguished_from_daemon_disconnect ... ok
test terminal::remote::tests::attach_replay_runs_at_the_daemon_reported_size ... ok
test terminal::remote::tests::cursor_style_sequence_overrides_and_resets_to_user_default ... ok
test terminal::remote::tests::deep_keyboard_mode_pushes_leave_the_reader_alive ... ok
test terminal::remote::tests::first_resize_always_syncs_then_dedups ... ok
test terminal::remote::tests::emoji_presentation_sequences_reserve_two_columns ... ok
test terminal::remote::tests::kitty_keyboard_negotiation_reports_the_requested_mode ... ok
test terminal::remote::tests::a_link_that_stopped_reading_does_not_park_the_writing_thread ... ok
test terminal::remote::tests::cursor_style_reset_returns_to_a_configured_bar_or_underline ... ok
test terminal::remote::tests::only_a_dead_daemon_is_worth_starting_one_for ... ok
test terminal::remote::tests::only_a_local_pane_may_restart_the_local_daemon ... ok
test terminal::remote::tests::echoed_resize_defers_the_grid_reflow_to_the_daemons_size_frame ... ok
test terminal::remote::tests::foreground_agent_follows_daemon_agent_reports ... ok
test terminal::remote::tests::live_output_closes_the_replay_window ... ok
test terminal::remote::tests::prompt_report_scrubs_stale_tui_modes ... ok
test terminal::remote::tests::reader_surfaces_auth_prompt_and_status ... ok
test terminal::remote::tests::resize_updates_size_and_notifies_daemon ... ok
test terminal::remote::tests::reader_feeds_local_grid ... ok
test terminal::remote::tests::layout_resize_reasserts_geometry_after_a_late_size_frame ... ok
test terminal::remote::tests::spawn_retry_only_for_daemon_disconnects ... ok
test terminal::remote::tests::stale_mode_resets_target_only_the_dirty_bits ... ok
test terminal::remote::tests::snapshot_replay_flushes_a_dangling_sync_frame_suppressed ... ok
test terminal::git_status::tests::a_real_repository_files_its_probe_and_its_diff_under_one_root ... ok
test terminal::remote::tests::shell_vi_mode_is_restored_from_snapshot_replay ... ok
test terminal::remote::tests::win_size_carries_grid_and_cell_dims ... ok
test terminal::remote::tests::write_sends_input_frames ... ok
test terminal::remote::tests::the_spawn_directory_answers_until_the_shell_reports_its_own ... ok
test terminal::remote::tests::segmented_ring_replay_reproduces_live_rendering ... ok
test terminal::reverse_search::tests::ctrl_r_and_arrows_step_through_matches_and_stick_at_the_ends ... ok
test terminal::reverse_search::tests::duplicates_collapse_to_their_most_recent_occurrence ... ok
test terminal::reverse_search::tests::ctrl_j_and_ctrl_m_accept_like_enter ... ok
test terminal::reverse_search::tests::empty_query_lists_everything_newest_first_under_flat_frecency ... ok
test terminal::reverse_search::tests::enter_accepts_and_cmd_enter_runs_the_selection ... ok
test terminal::reverse_search::tests::frecency_outranks_recency_between_equal_text_matches ... ok
test terminal::reverse_search::tests::fuzzy_matching_spans_words ... ok
test terminal::reverse_search::tests::handle_key_backspace_pops_query_and_re_ranks ... ok
test terminal::reverse_search::tests::handle_key_cancel_keys ... ok
test terminal::reverse_search::tests::handle_key_other_keys_are_ignored_with_redraw ... ok
test terminal::reverse_search::tests::query_ranks_the_most_recent_equal_match_first ... ok
test terminal::scrollbar::tests::a_drag_past_either_end_lands_on_it ... ok
test terminal::scrollbar::tests::a_drag_that_lands_on_the_row_it_started_on_asks_for_nothing ... ok
test terminal::scrollbar::tests::dragging_the_thumb_asks_the_pane_for_a_row ... ok
test terminal::scrollbar::tests::everything_other_than_growth_at_the_live_edge_is_reported ... ok
test terminal::scrollbar::tests::output_at_the_live_edge_does_not_move_the_bar ... ok
test terminal::scrollbar::tests::the_thumb_sits_at_the_bottom_at_the_live_edge_and_at_the_top_of_the_scrollback ... ok
test terminal::search::tests::a_capped_match_count_says_it_is_capped ... ok
test terminal::search::tests::a_drive_letter_path_is_a_link_with_either_separator ... ok
test terminal::remote::tests::shell_vi_mode_follows_live_prompt_mode_marks_without_disarming_zle ... ok
test terminal::search::tests::a_drive_letter_path_is_found_inside_the_prose_glued_onto_it ... ok
test terminal::search::tests::a_drive_letter_path_keeps_its_line_and_column ... ok
test terminal::search::tests::a_drive_letter_path_sheds_the_punctuation_around_it ... ok
test terminal::search::tests::a_hosts_dialect_is_read_off_the_directory_it_reports ... ok
test terminal::remote::tests::snapshot_replay_suppresses_query_replies_and_side_effects ... ok
test terminal::search::tests::a_letter_and_a_colon_is_not_a_drive_path ... ok
test terminal::git_data::tests::a_linked_worktree_resolves_to_both_of_its_real_directories ... ok
test terminal::search::tests::a_local_pane_reads_its_own_output_the_way_its_own_os_does ... ok
test terminal::search::tests::a_markdown_link_target_is_the_path ... ok
test terminal::search::tests::a_match_under_the_bar_counts_as_off_screen ... ok
test terminal::search::tests::a_missing_drive_letter_path_is_not_a_link ... ok
test terminal::search::tests::a_dot_that_names_a_directory_survives_the_trailing_trim ... ok
test terminal::search::tests::a_path_handed_to_the_os_is_spelled_its_way ... ok
test terminal::search::tests::a_label_in_front_of_a_bare_word_is_not_a_path ... ok
test terminal::search::tests::a_filename_that_looks_like_a_location_wins_over_the_location ... ok
test terminal::search::tests::a_path_shaped_token_is_kept_apart_from_a_bare_word ... ok
test terminal::search::tests::a_posix_pane_joins_a_relative_path_with_its_own_separator ... ok
test terminal::search::tests::a_parenthesised_line_and_column_is_read_as_a_location ... ok
test terminal::search::tests::a_posix_pane_reads_a_drive_letter_through_the_wsl_mount ... ok
test terminal::search::tests::a_posix_pane_reads_a_tilde_out_of_its_own_cwd ... ok
test terminal::search::tests::a_posix_pane_roots_its_own_paths_on_every_client ... ok
test terminal::search::tests::a_line_number_written_beside_a_path_is_still_a_location ... ok
test terminal::search::tests::a_quote_around_prose_is_not_a_path ... ok
test terminal::search::tests::a_quoted_posix_path_keeps_its_spaces_and_its_location ... ok
test terminal::search::tests::a_relative_candidate_has_no_paths_without_a_root ... ok
test terminal::search::tests::a_rooted_candidate_is_told_apart_from_one_measured_from_a_root ... ok
test terminal::search::tests::a_quoted_windows_path_keeps_its_spaces ... ok
test terminal::search::tests::a_rooted_token_is_spelled_the_way_its_host_looks_it_up ... ok
test terminal::search::tests::a_unc_share_is_a_link_that_stands_alone ... ok
test terminal::search::tests::a_windows_join_spells_the_whole_path_the_windows_way ... ok
test terminal::search::tests::a_path_is_found_inside_the_prefix_glued_onto_it ... ok
test terminal::search::tests::a_windows_pane_roots_a_drive_letter_and_a_share ... ok
test terminal::search::tests::an_absolute_candidate_ignores_the_roots_entirely ... ok
test terminal::search::tests::an_unanswered_probe_resolves_to_nothing_and_asks_about_every_root ... ok
test terminal::search::tests::an_unquoted_space_still_ends_a_path ... ok
test terminal::search::tests::link_at_detects_absolute_file_paths_and_single_line_suffix ... ok
test terminal::search::tests::link_at_keeps_url_detection_ahead_of_file_detection ... ok
test terminal::search::tests::an_ls_type_marker_is_not_part_of_the_name ... ok
test terminal::search::tests::link_at_detects_relative_file_paths_from_cwd ... ok
test terminal::remote::tests::zle_reading_follows_live_prompt_end_marks ... ok
test terminal::search::tests::a_relative_path_falls_back_to_the_repository_root ... ok
test terminal::search::tests::link_at_peels_a_cjk_label_off_an_absolute_path ... ok
test terminal::search::tests::regex_escape_neutralizes_metacharacters ... ok
test terminal::search::tests::scrolled_back_into_history_the_readable_band_moves_with_it ... ok
test terminal::search::tests::the_bar_hides_whole_rows_however_tall_they_are ... ok
test terminal::search::tests::link_at_rejects_missing_files_and_file_detection_can_be_disabled ... ok
test terminal::search::tests::link_at_requires_a_file_when_a_line_suffix_is_present ... ok
test terminal::search::tests::the_candidate_ladder_stays_short ... ok
test terminal::search::tests::link_at_detects_directory_paths ... ok
test terminal::search::tests::tilde_expansion_does_not_borrow_this_machines_home_for_another_one ... ok
test terminal::search::tests::tilde_expansion_prefers_home_inferred_from_the_pane_cwd ... ok
test terminal::search::tests::url_at_detects_http_and_strips_trailing_punct ... ok
test terminal::search::tests::url_at_detects_url_glued_to_cjk_prefix ... ok
test terminal::search::tests::url_at_ignores_hover_on_cjk_prefix_before_url ... ok
test terminal::remote::tests::the_running_command_is_the_line_the_shell_marked_and_ends_with_it ... ok
test terminal::search::tests::link_at_trims_wrappers_and_trailing_punctuation_around_file_paths ... ok
test terminal::search::tests::url_at_promotes_bare_www_and_ignores_plain_words ... ok
test terminal::search::tests::url_at_keeps_ascii_parens_inside_a_url ... ok
test terminal::search::tests::url_at_stops_at_full_width_open_bracket_glued_after_url ... ok
test terminal::search::tests::url_at_stops_at_unbalanced_close_paren_glued_after_url ... ok
test terminal::search::tests::nothing_beside_a_directory_is_read_as_a_line_number ... ok
test terminal::search::tests::url_at_strips_full_width_trailing_punctuation ... ok
test terminal::search::tests::url_span_at_accepts_file_and_ftp_schemes ... ok
test terminal::search::tests::url_span_at_rejects_www_without_a_dot_and_empty_tokens ... ok
test terminal::search::tests::url_span_at_reports_inclusive_columns_without_trailing_punct ... ok
test terminal::search::tests::url_span_at_reports_trimmed_span_after_stripping_both_ends ... ok
test terminal::search::tests::url_span_at_strips_leading_wrappers ... ok
test terminal::search::tests::url_span_at_strips_various_trailing_punctuation ... ok
test terminal::search::tests::without_a_bar_nothing_on_screen_is_moved ... ok
test terminal::signature::tests::docker_loadspec_grafted_compose ... ok
test terminal::signature::tests::git_commit_message_option_takes_arg ... ok
test terminal::signature::tests::git_signature_parses_and_memoizes ... ok
test terminal::search::tests::the_nearer_root_wins_when_both_hold_the_name ... ok
test terminal::signature::tests::unknown_command_has_no_signature ... ok
test terminal::smart_select::tests::a_soft_wrap_before_userinfo_still_stitches ... ok
test terminal::smart_select::tests::a_hard_break_before_userinfo_is_never_bridged ... ok
test terminal::smart_select::tests::a_table_cell_that_stops_short_of_its_border_is_not_wrapped ... ok
test terminal::smart_select::tests::a_table_cell_underlines_only_its_own_columns ... ok
test terminal::smart_select::tests::a_url_a_table_wrapped_inside_its_cell_is_one_link ... ok
test terminal::smart_select::tests::angle_brackets_pair_only_when_they_hug_their_contents ... ok
test terminal::smart_select::tests::bracket_forward_and_backward_with_nesting ... ok
test terminal::signature::tests::raw_spec_rejects_path_traversal ... ok
test terminal::smart_select::tests::click_outside_the_grid_rows_yields_no_range ... ok
test terminal::smart_select::tests::click_past_the_last_column_yields_no_range ... ok
test terminal::smart_select::tests::a_newline_short_of_the_right_edge_is_not_a_wrap ... ok
test terminal::smart_select::tests::contractions_do_not_skew_a_real_quote ... ok
test terminal::smart_select::tests::directional_cjk_quotes_pair_like_brackets ... ok
test terminal::smart_select::tests::double_click_does_not_read_across_table_rows ... ok
test terminal::smart_select::tests::contraction_apostrophes_do_not_pair ... ok
test terminal::smart_select::tests::email_only_fires_when_it_extends_the_word ... ok
test terminal::smart_select::tests::fullwidth_brackets_pair ... ok
test terminal::smart_select::tests::hard_wrapped_url_is_bridged_only_for_links ... ok
test terminal::smart_select::tests::a_soft_wrapped_file_path_is_one_link ... ok
test terminal::smart_select::tests::identifier_with_custom_separators ... ok
test terminal::smart_select::tests::is_cjk_covers_han_kana_hangul_fullwidth ... ok
test terminal::smart_select::tests::latin_word_glued_directly_to_han_narrows_without_punctuation ... ok
test terminal::smart_select::tests::latin_word_glued_to_cjk_narrows_to_the_latin_run ... ok
test terminal::smart_select::tests::osc8_hyperlink_follows_a_soft_wrap ... ok
test terminal::smart_select::tests::osc8_hyperlink_selects_the_declared_extent_not_the_visible_word ... ok
test terminal::smart_select::tests::path_across_quote_boundary_stays_plain ... ok
test terminal::smart_select::tests::path_glued_to_colon_expands ... ok
test terminal::smart_select::tests::plain_word_yields_none ... ok
test terminal::smart_select::tests::scientific_notation_with_custom_separators ... ok
test terminal::smart_select::tests::symmetric_quotes_pair_by_parity ... ok
test terminal::smart_select::tests::soft_wrapped_url_is_stitched_back_into_one_selection ... ok
test terminal::smart_select::tests::trailing_apostrophe_still_closes ... ok
test terminal::smart_select::tests::unmatched_bracket_yields_none ... ok
test terminal::smart_select::tests::url_expands_past_scheme_colon ... ok
test terminal::smart_select::tests::url_trailing_comma_excluded ... ok
test terminal::smart_select::tests::whitespace_click_yields_none ... ok
test terminal::remote::replay_tests::the_later_of_two_racing_attaches_keeps_the_screen_and_the_seat ... ok
test terminal::typeahead::tests::a_pasted_gap_replays_as_a_paste ... ok
test terminal::typeahead::tests::a_submitted_exit_does_not_taint_the_next_prompts_typeahead ... ok
test terminal::typeahead::tests::adopting_an_empty_record_owes_nothing ... ok
test terminal::typeahead::tests::adopting_hands_the_paste_mark_over_with_the_seed ... ok
test terminal::typeahead::tests::adopting_moves_the_seed_out_and_leaves_the_wipe_owed ... ok
test terminal::typeahead::tests::adopting_twice_seeds_once ... ok
test terminal::typeahead::tests::alt_screen_input_does_not_taint_later_shell_input ... ok
test terminal::typeahead::tests::alt_screen_input_is_discarded_without_a_shell_gap ... ok
test terminal::typeahead::tests::backspace_does_not_cross_a_submit_boundary ... ok
test terminal::typeahead::tests::backspace_edits_the_record ... ok
test terminal::typeahead::tests::backspace_on_empty_record_is_noop_but_still_flushes_nothing ... ok
test terminal::typeahead::tests::control_chars_in_committed_text_taint ... ok
test terminal::typeahead::tests::discarding_a_tainted_record_starts_a_fresh_gap_without_a_shell_wipe ... ok
test terminal::typeahead::tests::discarding_an_adopted_record_drops_the_owed_wipe ... ok
test terminal::typeahead::tests::drained_record_reconstructs_each_gap_independently ... ok
test terminal::typeahead::tests::end_of_input_after_unsubmitted_text_still_owes_the_wipe ... ok
test terminal::typeahead::tests::end_of_input_on_an_empty_line_closes_the_record ... ok
test terminal::typeahead::tests::enter_marks_a_submit_boundary ... ok
test terminal::typeahead::tests::exactly_at_the_cap_still_reconstructs ... ok
test terminal::typeahead::tests::fully_submitted_input_owes_no_wipe ... ok
test terminal::typeahead::tests::interrupt_discards_a_gap_even_without_alt_screen ... ok
test terminal::typeahead::tests::overflowing_the_cap_taints_instead_of_truncating ... ok
test terminal::typeahead::tests::raw_keys_map_to_boundary_erase_or_taint ... ok
test terminal::typeahead::tests::submitting_a_recalled_exit_discards_taint_and_paste_provenance ... ok
test terminal::typeahead::tests::taint_survives_later_clean_typing ... ok
test terminal::typeahead::tests::typed_text_is_wiped_and_seeded ... ok
test terminal::typeahead::tests::unreconstructable_input_taints_wipe_without_seed ... ok
test terminal::typeahead::tests::untouched_record_flushes_to_none ... ok
test terminal::remote::tests::a_refused_attach_is_final_and_every_other_failure_is_not ... ok
test terminal::remote::tests::an_attach_nobody_answers_is_not_an_attach ... ok
test terminal::view::gpui_tests::a_candidate_needing_escapes_is_never_half_applied ... ok
test terminal::remote::tests::sync_update_without_esu_flushes_after_the_deadline ... ok
test terminal::view::gpui_tests::a_command_over_before_the_wait_never_reaches_the_tab ... ok
test terminal::view::gpui_tests::a_bell_rung_at_key_repeat_rate_holds_one_steady_flash ... ok
test terminal::view::gpui_tests::a_disconnected_remote_pane_still_answers_terminal_queries ... ok
test terminal::view::gpui_tests::a_column_resize_rescans_the_open_searchs_highlights ... ok
test terminal::signature::tests::every_shipped_spec_parses ... ok
test terminal::view::gpui_tests::a_disconnected_remote_pane_still_selects_and_copies ... ok
test terminal::view::gpui_tests::a_dropped_link_does_not_claim_the_process_exited ... ok
test terminal::view::gpui_tests::a_finished_turn_on_an_unfocused_pane_is_unread ... ok
test terminal::view::gpui_tests::a_finished_turn_on_the_focused_pane_is_already_read ... ok
test terminal::view::gpui_tests::a_frame_that_cannot_have_the_grid_leaves_the_previous_one_alone ... ok
test terminal::remote::tests::an_echoed_resize_whose_echo_never_came_is_asked_for_again ... ok
test terminal::view::gpui_tests::a_generator_that_supplies_no_match_closes_the_menu ... ok
test terminal::view::gpui_tests::a_hand_typed_cwd_wins_until_it_is_cleared ... ok
test terminal::view::gpui_tests::a_known_ctrl_chord_stays_in_the_local_editor ... ok
test terminal::view::gpui_tests::a_handoff_walks_the_cursor_back_in_ss3_under_app_cursor_mode ... ok
test terminal::view::gpui_tests::a_highlight_follows_its_text_as_output_scrolls_under_it ... ok
test terminal::view::gpui_tests::a_link_menu_is_headed_by_the_file_it_is_about ... ok
test terminal::generator::tests::every_registry_key_exists_in_corpus ... ok
test terminal::view::gpui_tests::a_later_turn_that_finished_while_the_pane_was_away_still_badges ... ok
test terminal::view::gpui_tests::a_local_pane_types_exactly_as_it_always_did ... ok
test terminal::view::gpui_tests::a_menu_waits_while_another_generator_is_still_in_flight ... ok
test terminal::view::gpui_tests::a_modifier_pressed_mid_flick_does_not_hijack_it_into_a_zoom ... ok
test terminal::view::gpui_tests::a_momentum_tail_is_not_mistaken_for_a_wheel ... ok
test terminal::view::gpui_tests::a_new_gesture_is_not_bound_by_what_the_last_one_answered ... ok
test terminal::view::gpui_tests::a_pane_already_being_dialled_for_asks_for_nothing ... ok
test terminal::view::gpui_tests::a_pane_back_from_ssh_still_recalls_its_local_history ... ok
test terminal::view::gpui_tests::a_pane_follows_its_agent_into_a_worktree ... ok
test terminal::view::gpui_tests::a_pane_going_out_to_ssh_does_not_inherit_the_local_history ... ok
test terminal::view::gpui_tests::a_pane_whose_paths_are_elsewhere_does_not_link_local_files ... ok
test terminal::view::gpui_tests::a_disconnected_remote_pane_keeps_the_line_instead_of_handing_it_to_nowhere ... ok
test terminal::view::gpui_tests::a_path_under_a_full_screen_application_waits_for_the_modifier ... ok
test terminal::view::gpui_tests::a_pane_that_never_pauses_is_rescanned_anyway ... ok
test terminal::view::gpui_tests::a_pin_holds_while_tracking_is_elsewhere ... ok
test terminal::view::gpui_tests::a_pin_rejoins_tracking_once_tracking_arrives_there ... ok
test terminal::view::gpui_tests::a_disconnected_remote_pane_swallows_every_kind_of_typing ... ok
test terminal::view::gpui_tests::a_probe_with_no_host_to_ask_stays_wanted ... ok
test terminal::view::gpui_tests::a_press_on_the_history_menu_never_reaches_the_grid ... ok
test terminal::view::gpui_tests::a_reattached_pane_badges_a_later_turn_that_finished_while_away ... ok
test terminal::remote::replay_tests::a_snapshot_larger_than_one_read_still_lands_whole ... ok
test terminal::view::gpui_tests::a_late_remote_listing_leaves_a_line_the_editor_no_longer_owns_alone ... ok
test terminal::view::gpui_tests::a_reattached_pane_badges_a_turn_that_was_running_when_its_view_went ... ok
test terminal::view::gpui_tests::a_reattached_pane_takes_back_the_badge_its_reader_left ... ok
test terminal::view::gpui_tests::a_relative_path_links_against_the_panes_own_directory ... ok
test terminal::view::gpui_tests::a_remote_listing_says_so_while_it_runs_and_when_it_fails ... ok
test terminal::view::gpui_tests::a_remote_workspace_pane_reports_its_cwd_as_remote ... ok
test terminal::view::gpui_tests::a_rebuilt_pane_does_not_re_badge_a_turn_the_reader_already_saw ... ok
test terminal::view::gpui_tests::a_relink_moves_the_pane_onto_the_new_socket_and_resets_the_mirror ... ok
test terminal::view::gpui_tests::a_resize_forgets_the_hovered_cell ... ok
test terminal::view::gpui_tests::a_reported_session_id_asks_the_window_to_save ... ok
test terminal::view::gpui_tests::a_shifted_meta_chord_hands_off_the_shifted_character ... ok
test terminal::view::gpui_tests::a_scroll_too_small_to_see_jump_stays_direct ... ok
test terminal::remote::replay_tests::a_pane_re_attached_after_a_switch_gets_its_screen_back ... ok
test terminal::view::gpui_tests::a_restored_pane_does_not_badge_the_turn_it_reattached_to ... ok
test terminal::view::gpui_tests::a_stale_frame_after_cancellation_does_not_walk ... ok
test terminal::view::gpui_tests::a_trackpad_flick_adds_up_to_whole_steps ... ok
test terminal::view::gpui_tests::a_tab_on_a_detached_remote_pane_never_asks_for_a_listing ... ok
test terminal::view::gpui_tests::a_stale_hover_row_does_not_index_the_shrunken_grid ... ok
test terminal::view::gpui_tests::a_wheel_detent_zooms_by_exactly_one_step ... ok
test terminal::view::gpui_tests::a_title_rewritten_faster_than_the_wait_still_lands ... ok
test terminal::view::gpui_tests::a_trackpad_gesture_scrolls_the_instant_it_is_touched ... ok
test terminal::view::gpui_tests::a_wheel_notch_is_spread_over_frames ... ok
test terminal::view::gpui_tests::a_workspace_pane_answers_to_its_workspaces_name ... ok
test terminal::view::gpui_tests::a_zoom_gesture_keeps_zooming_after_the_modifier_is_released ... ok
test terminal::view::gpui_tests::a_turn_that_finished_while_the_link_was_down_still_badges ... ok
test terminal::view::gpui_tests::accepting_a_candidate_quotes_it_for_the_shell ... ok
test terminal::view::gpui_tests::a_turn_that_finished_while_the_pane_was_away_still_badges ... ok
test terminal::view::gpui_tests::allowed_remote_clipboard_image_reaches_the_system_clipboard ... ok
test terminal::view::gpui_tests::an_exited_local_pane_still_swallows_every_key ... ok
test terminal::view::gpui_tests::alt_enter_keeps_its_legacy_encoding_in_a_foreground_tui ... ok
test terminal::view::gpui_tests::an_agent_that_has_finished_its_turn_is_not_busy ... ok
test terminal::generator::tests::run_times_out_and_kills_the_child ... ok
test terminal::view::gpui_tests::an_intervening_ime_commit_restarts_the_last_word_walk ... ok
test terminal::view::gpui_tests::an_intervening_key_restarts_the_last_word_walk ... ok
test terminal::view::gpui_tests::an_unknown_ctrl_chord_goes_to_the_shell_with_the_line ... ok
test terminal::view::gpui_tests::an_unknown_meta_chord_goes_to_the_shell_with_the_line ... ok
test terminal::view::gpui_tests::an_ssh_pane_is_named_after_its_host ... ok
test terminal::view::gpui_tests::an_unused_find_binding_gives_f3_back_to_the_shell ... ok
test terminal::view::gpui_tests::child_exit_marks_the_view_exited ... ok
test terminal::view::gpui_tests::an_unread_turn_is_still_unread_after_the_pane_is_rebuilt ... ok
test terminal::view::gpui_tests::buffer_search_honors_case_and_regex_toggles ... ok
test terminal::view::gpui_tests::child_exit_emits_the_close_event_but_disconnect_does_not ... ok
test terminal::view::gpui_tests::clearing_the_scrollback_drops_what_was_anchored_in_it ... ok
test terminal::view::gpui_tests::copy_on_select_writes_the_clipboard_at_mouse_up ... ok
test terminal::view::gpui_tests::ctrl_6_reaches_the_pty_as_rs ... ok
test terminal::view::gpui_tests::ctrl_c_copy_consumes_the_editor_selection_at_the_prompt ... ok
test terminal::view::gpui_tests::ctrl_c_copy_consumes_the_selection_so_the_next_press_is_sigint ... ok
test terminal::view::gpui_tests::ctrl_e_only_moves_to_the_end_when_no_ghost_is_visible ... ok
test terminal::view::gpui_tests::ctrl_j_and_ctrl_m_submit_the_line_like_enter ... ok
test terminal::view::gpui_tests::ctrl_l_at_prompt_reaches_the_shell ... ok
test terminal::view::gpui_tests::ctrl_p_and_ctrl_n_walk_the_history ... ok
test terminal::view::gpui_tests::ctrl_r_fuzzy_search_accepts_into_the_editor ... ok
test terminal::view::gpui_tests::ctrl_r_steps_matches_and_cmd_enter_runs ... ok
test terminal::view::gpui_tests::ctrl_r_without_integration_raises_the_notice_once ... ok
test terminal::view::gpui_tests::ctrl_v_pastes_at_a_prompt ... ok
test terminal::view::gpui_tests::ctrl_v_reaches_a_full_screen_program_as_syn ... ok
test terminal::view::gpui_tests::ctrl_y_yanks_back_what_the_kill_chords_cut ... ok
test terminal::smart_select::tests::japanese_is_not_shredded_into_single_kana ... ok
test terminal::smart_select::tests::cjk_segmentation_selects_a_dictionary_word_not_the_whole_run ... ok
test terminal::smart_select::tests::cjk_segmentation_survives_surrogate_pairs_before_the_click ... ok
test terminal::smart_select::tests::cjk_punctuation_is_its_own_token ... ok
test terminal::smart_select::tests::wide_glyph_wrapping_to_the_next_row_keeps_its_word_intact ... ok
test terminal::smart_select::tests::wide_glyph_and_its_spacer_resolve_to_the_same_word ... ok
test terminal::view::gpui_tests::daemon_output_reaches_the_grid_through_the_event_pump ... ok
test terminal::view::gpui_tests::generator_result_for_a_closed_menu_is_dropped ... ok
test terminal::view::gpui_tests::disabled_remote_clipboard_image_is_rejected_without_overwriting ... ok
test terminal::view::gpui_tests::generator_results_that_match_nothing_close_the_menu ... ok
test terminal::view::gpui_tests::ghost_names_what_up_arrow_recalls ... ok
test terminal::view::gpui_tests::generator_results_merge_into_the_open_menu ... ok
test terminal::view::gpui_tests::alternate_paste_asks_the_grid_and_not_the_last_frame ... ok
test terminal::view::gpui_tests::function_keys_hand_the_line_to_the_shell ... ok
test terminal::view::gpui_tests::ghost_prefers_this_directory_then_falls_back_to_anywhere ... ok
test terminal::view::gpui_tests::ghost_skips_commands_that_failed ... ok
test terminal::view::gpui_tests::ghost_suggests_the_command_just_run_over_a_frequent_one ... ok
test terminal::view::gpui_tests::history_search_off_sends_ctrl_r_to_the_shell ... ok
test terminal::view::gpui_tests::hidden_cursor_at_prompt_anchors_the_editor_at_the_real_cell_not_top_left ... ok
test terminal::view::gpui_tests::manual_cwd_text_is_only_an_absolute_path_or_a_clear ... ok
test terminal::view::gpui_tests::insert_newline_action_declines_when_the_editor_is_not_live ... ok
test terminal::view::gpui_tests::history_search_takes_its_prefix_from_the_text_left_of_the_cursor ... ok
test terminal::view::gpui_tests::history_recall_snaps_the_viewport_back_to_the_prompt ... ok
test terminal::view::gpui_tests::insert_newline_action_closes_the_completion_menu_but_enter_still_accepts ... ok
test terminal::view::gpui_tests::insert_newline_action_extends_the_line_and_enter_submits_it ... ok
test terminal::view::gpui_tests::meta_dot_walks_back_through_the_last_words ... ok
test terminal::view::gpui_tests::meta_dot_over_a_selection_records_where_the_word_landed ... ok
test terminal::view::gpui_tests::meta_word_chords_edit_the_prompt_line ... ok
test terminal::view::gpui_tests::moving_the_viewport_cancels_an_animation_in_flight ... ok
test terminal::view::gpui_tests::only_a_dead_workspace_pane_wants_a_relink ... ok
test terminal::view::gpui_tests::dectcem_reset_paints_no_terminal_caret_over_the_tuis_own ... ok
test terminal::view::gpui_tests::newline_chords_reach_conpty_as_ctrl_j_without_kitty ... ok
test terminal::view::gpui_tests::onekey_picker_paints_entries_and_fills_password_to_raw_pty ... ok
test terminal::view::gpui_tests::paste_to_the_pty_consumes_the_selection ... ok
test terminal::view::gpui_tests::a_reattach_that_replays_2031_reports_the_scheme_once ... ok
test terminal::view::gpui_tests::ctrl_c_after_tab_handoff_returns_the_fresh_prompt_to_the_editor ... ok
test terminal::view::gpui_tests::pasting_brings_the_view_back_to_the_prompt ... ok
test terminal::view::gpui_tests::prompt_cursor_style_shapes_only_the_prompt ... ok
test terminal::view::gpui_tests::cmd_v_pastes_on_the_alternate_screen ... ok
test terminal::view::gpui_tests::only_an_agent_that_starts_under_this_view_counts_as_detected ... ok
test terminal::view::gpui_tests::prompt_editor_off_hands_over_tab_and_ctrl_r ... ok
test terminal::view::gpui_tests::pty_write_events_reach_the_daemon_as_input ... ok
test terminal::view::gpui_tests::prompt_editor_off_hands_typing_and_arrows_to_the_shell ... ok
test terminal::view::gpui_tests::shim_detection_names_known_wrappers_only ... ok
test terminal::view::gpui_tests::reverse_search_menu_survives_a_real_render_pass ... ok
test terminal::view::gpui_tests::shell_vi_mode_prompt_bypasses_the_local_editor ... ok
test terminal::view::gpui_tests::shift_enter_reaches_a_foreground_tui_as_lf_without_kitty ... ok
test terminal::view::gpui_tests::ctrl_e_accepts_a_ghost_suggestion_at_the_end ... ok
test terminal::view::gpui_tests::output_under_an_open_search_bar_is_searched_too ... ok
test terminal::view::gpui_tests::ssh_drop_mid_tui_recovers_at_the_next_prompt ... ok
test terminal::view::gpui_tests::shift_enter_reaches_a_foreground_tui_with_kitty_encoding ... ok
test terminal::view::gpui_tests::tab_completion_off_sends_every_tab_to_the_shell ... ok
test terminal::view::gpui_tests::submitted_command_backfills_its_exit_code ... ok
test terminal::view::gpui_tests::submitting_a_command_again_moves_it_to_the_newest_entry ... ok
test terminal::view::gpui_tests::text_area_size_request_replies_with_the_current_geometry ... ok
test terminal::view::gpui_tests::ctrl_v_on_the_alternate_screen_reaches_the_pty_as_syn ... ok
test terminal::view::gpui_tests::the_zoom_modifier_is_configurable_and_can_be_turned_off ... ok
test terminal::view::gpui_tests::tab_with_no_candidates_hands_the_line_to_the_shell ... ok
test terminal::view::gpui_tests::the_scrollbar_moves_the_viewport_and_follows_it_back ... ok
test terminal::view::gpui_tests::the_zoom_modifier_takes_the_wheel_off_the_scrollback ... ok
test terminal::view::gpui_tests::the_second_column_of_a_wide_character_still_hovers ... ok
test terminal::view::gpui_tests::title_events_drive_the_tab_title ... ok
test terminal::view::gpui_tests::the_keymap_routes_both_newline_chords_to_the_action ... ok
test terminal::view::gpui_tests::the_search_bar_opens_and_closes_around_a_grid_selection ... ok
test terminal::view::gpui_tests::turning_the_prompt_editor_off_hands_the_typed_line_over ... ok
test terminal::view::gpui_tests::turning_smooth_scrolling_off_restores_the_direct_path ... ok
test terminal::view::gpui_tests::up_and_ctrl_p_recall_the_last_command_matching_the_typed_prefix ... ok
test terminal::view::gpui_tests::typing_brings_the_view_back_to_the_prompt ... ok
test terminal::view::gpui_tests::zooming_off_hands_the_wheel_back_to_the_scrollback ... ok
test terminal::view::prompt_handover_tests::a_reattached_window_retires_a_title_whose_c_rolled_out_of_the_replay ... ok
test terminal::view::prompt_handover_tests::a_running_program_and_a_shells_own_prompt_title_both_keep_theirs ... ok
test terminal::view::prompt_handover_tests::a_title_a_command_set_is_retired_when_that_command_finishes ... ok
test terminal::view::gpui_tests::onekey_escape_cancels_without_touching_the_pty ... ok
test terminal::view::gpui_tests::passthrough_ctrl_d_discards_typeahead_before_the_shell_can_resume ... ok
test terminal::view::tests::a_budget_with_no_room_to_say_anything_says_nothing ... ok
test terminal::view::tests::a_busy_command_name_stays_short_enough_to_read ... ok
test terminal::view::tests::a_busy_command_name_undoes_the_shell_escaping ... ok
test terminal::view::tests::a_copied_file_is_pasted_by_path_quoted_and_space_joined ... ok
test terminal::view::tests::a_cwd_no_host_can_read_roots_nothing ... ok
test terminal::view::tests::a_cwd_on_the_panes_own_host_roots_the_tree_as_is ... ok
test terminal::view::tests::a_description_that_fits_is_left_alone ... ok
test terminal::view::tests::a_failed_staging_preparation_is_retried_rather_than_latched ... ok
test terminal::view::tests::a_focused_input_caret_keeps_its_configured_shape_and_blink_phase ... ok
test terminal::view::tests::a_file_command_that_cannot_spawn_comes_back_as_an_error ... ok
test terminal::view::tests::a_multiline_entry_draws_on_one_menu_row ... ok
test terminal::view::tests::a_new_row_has_to_gain_something ... ok
test terminal::view::tests::a_notification_title_keeps_at_most_two_segments ... ok
test terminal::view::tests::a_pane_states_a_title_whenever_it_is_not_the_placeholder ... ok
test terminal::view::tests::a_pane_without_its_own_spec_defers_to_the_daemons_verdict ... ok
test terminal::view::tests::a_panes_host_is_its_workspaces_machine ... ok
test terminal::view::tests::a_panes_paths_are_read_in_its_own_hosts_spelling ... ok
test terminal::view::tests::a_prompt_that_eats_the_row_pushes_the_input_below_it ... ok
test terminal::view::tests::a_remote_hosts_wsl_exe_pane_leaves_tab_to_the_shell ... ok
test terminal::view::tests::a_remote_pane_stages_its_clipboard_image_on_every_platform ... ok
test terminal::view::tests::a_remote_port_is_a_forward_away_rather_than_out_of_reach ... ok
test terminal::view::tests::a_staging_dir_is_only_safe_when_it_is_a_private_directory_we_own ... ok
test terminal::view::tests::a_title_the_tab_already_shows_drops_the_one_that_was_waiting ... ok
test terminal::view::tests::a_wsl_cwd_gets_a_windows_spelling_the_completion_engine_can_list ... ok
test terminal::view::tests::a_wsl_exe_pane_on_this_machine_completes_over_its_own_share ... ok
test terminal::view::gpui_tests::passthrough_ctrl_c_discards_typeahead_before_the_shell_can_resume ... ok
test terminal::view::tests::a_wsl_pane_gets_the_automount_path_not_the_windows_one ... ok
test terminal::view::tests::a_wsl_pane_with_a_windows_cwd_keeps_it ... ok
test terminal::view::tests::a_macos_tiff_screenshot_is_staged_as_png ... ok
test terminal::view::tests::a_wsl_panes_files_root_goes_through_its_distros_share ... ok
test terminal::view::tests::a_wsl_workspace_pane_completes_over_the_share_its_target_names ... ok
test terminal::view::tests::agent_interrupt_discards_typeahead_without_an_alt_screen_transition ... ok
test terminal::view::tests::alt_screen_exit_discards_the_boundary_input_before_recording_shell_text ... ok
test terminal::view::tests::an_overlong_description_ends_in_an_ellipsis_inside_its_budget ... ok
test terminal::view::tests::an_unfocused_input_caret_is_always_a_steady_outline ... ok
test terminal::view::tests::apply_fallback_chain_reaches_every_face_a_view_has ... ok
test terminal::view::tests::context_menu_and_mouse_report_never_fire_for_the_same_click ... ok
test terminal::view::tests::copy_on_select_copies_the_buffer_the_gesture_touched ... ok
test terminal::view::tests::ctrl_c_and_ctrl_d_discard_foreground_typeahead ... ok
test terminal::view::tests::display_width_ascii_and_control_are_narrow ... ok
test terminal::view::tests::display_width_cjk_and_kana_are_wide ... ok
test terminal::view::tests::clipboard_image_transcodes_bmp_to_png_and_passes_png_through ... ok
test terminal::view::tests::display_width_combining_marks_take_no_column ... ok
test terminal::view::tests::display_width_covers_wide_chars_outside_the_main_emoji_blocks ... ok
test terminal::view::tests::display_width_emoji_are_wide ... ok
test terminal::view::tests::display_width_latin_accents_stay_narrow ... ok
test terminal::view::tests::drag_scroll_step_scales_with_overshoot_and_caps ... ok
test terminal::view::tests::every_paste_stages_into_a_directory_of_its_own ... ok
test terminal::view::tests::fallback_chain_appends_platform_stock_faces ... ok
test terminal::view::tests::fallback_chain_pins_bundled_hack_last ... ok
test terminal::view::tests::fig_icon_emoji_takes_bare_emoji_and_template_badge_only ... ok
test terminal::view::tests::fig_icon_glyph_maps_known_types_and_falls_back_otherwise ... ok
test terminal::view::tests::file_command_template_drops_tokens_for_absent_values ... ok
test terminal::view::tests::file_command_template_keeps_path_only_token_and_unknown_placeholder ... ok
test terminal::view::tests::file_command_template_substitutes_path_line_and_column ... ok
test terminal::view::tests::focus_reports_only_when_the_app_opted_in ... ok
test terminal::view::tests::highlight_runs_alternate_on_the_matched_characters ... ok
test terminal::view::tests::input_cells_give_a_stranded_combining_mark_a_column ... ok
test terminal::view::tests::input_below_the_prompt_is_laid_out_from_the_next_row ... ok
test terminal::view::tests::input_cells_keep_a_combining_mark_with_its_base ... ok
test terminal::view::tests::input_cells_split_a_zwj_sequence_the_way_the_grid_does ... ok
test terminal::view::tests::input_cells_widen_an_emoji_presentation_sequence ... ok
test terminal::view::tests::input_char_positions_agree_with_the_cells_the_bar_draws ... ok
test terminal::view::tests::input_char_positions_give_a_stranded_combining_mark_a_column ... ok
test terminal::view::tests::input_char_positions_reserve_two_columns_for_an_emoji_presentation_sequence ... ok
test terminal::view::tests::input_char_positions_reserve_two_columns_for_wide_chars ... ok
test terminal::view::tests::input_char_positions_wrap_a_cell_without_splitting_it ... ok
test terminal::view::tests::input_overflow_shift_keeps_the_tail_and_caret_visible ... ok
test terminal::view::tests::input_overlay_rows_counts_wraps_slot_marked_and_newlines ... ok
test terminal::view::tests::known_agent_input_is_discarded_at_both_ownership_boundaries ... ok
test terminal::view::tests::local_pane_opens_localhost_directly ... ok
test terminal::view::tests::local_pane_pastes_the_local_image_path ... ok
test terminal::view::tests::menu_layout_budgets_the_overflow_footers ... ok
test terminal::view::tests::menu_layout_caps_rows_and_windows_around_the_selection ... ok
test terminal::view::tests::menu_layout_prefers_below_and_flips_above_when_cramped ... ok
test terminal::view::tests::only_a_matching_host_may_answer_for_a_panes_paths ... ok
test terminal::view::tests::panes_with_no_distro_of_their_own_have_no_share ... ok
test terminal::view::tests::paste_bytes_folds_crlf_so_a_windows_clipboard_pastes_like_any_other ... ok
test terminal::view::tests::paste_bytes_normalizes_newlines_to_cr_without_bracketed_paste ... ok
test terminal::view::tests::paste_bytes_strips_esc_to_prevent_bracketed_paste_escape ... ok
test terminal::view::tests::remote_workspace_pane_forwards_on_the_workspace ... ok
test terminal::view::tests::right_click_belongs_to_the_app_while_mouse_reporting_is_active ... ok
test terminal::view::tests::remote_clipboard_images_must_match_their_declared_mime ... ok
test terminal::view::tests::right_click_opens_the_host_menu_when_the_app_is_not_reporting_mouse ... ok
test terminal::view::tests::scroll_anim_step_converges_and_lands ... ok
test terminal::view::tests::scroll_anim_step_covers_dropped_frames ... ok
test terminal::view::tests::scroll_anim_step_lands_on_a_negligible_remainder ... ok
test terminal::view::tests::sgr_mouse_has_no_coordinate_cap ... ok
test terminal::view::tests::sgr_mouse_reports_one_based_decimal_with_modifier_bits ... ok
test terminal::view::tests::shift_right_click_stays_the_escape_hatch_in_mouse_mode ... ok
test terminal::view::tests::shift_wheel_always_scrolls_the_local_scrollback ... ok
test terminal::view::tests::smooth_scroll_step_accumulates_and_clamps ... ok
test terminal::view::tests::ssh_pane_forwards_on_the_pane ... ok
test terminal::view::tests::ssh_workspace_panes_upload_images_for_the_ssh_user ... ok
test terminal::view::tests::staged_images_land_under_the_remote_users_own_home ... ok
test terminal::view::tests::staged_pastes_expire_after_a_week_and_never_on_an_unknown_age ... ok
test terminal::view::tests::standalone_ssh_panes_upload_images_for_the_ssh_user ... ok
test terminal::view::tests::submit_bytes_falls_back_to_per_line_cr_without_bracketed_paste ... ok
test terminal::view::tests::submit_bytes_keeps_pasted_text_inside_a_bracketed_paste ... ok
test terminal::view::tests::submit_bytes_normalizes_line_breaks_inside_the_paste ... ok
test terminal::view::tests::submit_bytes_sends_a_multi_line_command_as_one_bracketed_paste ... ok
test terminal::view::tests::submit_bytes_strips_esc_and_skips_markers_on_an_empty_line ... ok
test terminal::view::tests::submit_bytes_types_a_plain_single_line_instead_of_pasting_it ... ok
test terminal::view::tests::the_default_app_row_is_offered_only_where_it_differs_from_open ... ok
test terminal::view::tests::the_description_budget_is_what_the_name_leaves_of_the_menu ... ok
test terminal::view::tests::the_input_stays_beside_an_ordinary_prompt ... ok
test terminal::view::tests::the_off_switch_disables_every_route ... ok
test terminal::view::tests::trim_trailing_spaces_strips_per_line_and_preserves_structure ... ok
test terminal::view::tests::wheel_ignores_alternate_scroll_outside_the_alt_screen ... ok
test terminal::view::tests::wheel_routes_by_negotiated_mode_with_reporting_first ... ok
test terminal::view::tests::workspace_without_a_spec_does_not_forward ... ok
test terminal::view::tests::wrapped_click_index_covers_the_wrapped_caret_slot ... ok
test terminal::view::tests::the_pasted_image_name_stands_alone_as_a_remote_path_component ... ok
test terminal::view::tests::wrapped_click_index_hits_both_halves_of_a_wide_char ... ok
test terminal::view::tests::wrapped_click_index_hits_chars_on_the_first_row ... ok
test terminal::view::tests::wrapped_click_index_lands_on_the_base_not_its_combining_mark ... ok
test terminal::view::tests::wrapped_click_index_maps_wrapped_rows ... ok
test terminal::view::tests::wrapped_click_index_respects_wide_chars ... ok
test terminal::view::tests::wrapped_click_index_rows_past_the_input_need_clamp ... ok
test terminal::view::tests::wrapped_click_index_treats_newlines_as_hard_breaks ... ok
test terminal::view::tests::wsl_and_specless_workspaces_keep_the_local_image_path ... ok
test terminal::view::tests::wsl_workspace_needs_no_forward ... ok
test terminal::view::tests::x10_mouse_drops_out_of_range_coordinates_whole ... ok
test terminal::view::tests::x10_mouse_packs_bytes_and_drops_button_on_release ... ok
test tests::merge_paths_prefers_primary_dedupes_and_drops_empties ... ok
test tests::path_from_shell_output_reads_between_the_markers ... ok
test ui::agent_launch::tests::a_resume_carries_the_configured_launch_flags ... ok
test ui::agent_launch::tests::agents_are_offered_most_used_first ... ok
test ui::agent_launch::tests::an_id_that_could_smuggle_a_command_is_not_resumed ... ok
test ui::agent_launch::tests::empty_launch_line_means_the_bare_base_binary ... ok
test ui::agent_launch::tests::every_agent_has_a_bindable_launch_action ... ok
test ui::agent_launch::tests::instructions_use_prompt_arg_where_supported ... ok
test ui::agent_launch::tests::new_agent_tab_opens_the_most_recently_used_agent ... ok
test ui::agent_launch::tests::opencode2_roles_launch_and_resume_their_own_binary ... ok
test ui::agent_launch::tests::role_action_round_trips_by_slug ... ok
test ui::agent_launch::tests::role_model_appends_its_flag ... ok
test ui::agent_launch::tests::saved_launch_args_survive_a_round_trip_through_the_command_line ... ok
test ui::agent_launch::tests::set_current_launch_args_as_default_writes_the_agent_launch_entry ... ok
test ui::agent_launch::tests::only_agents_whose_launch_program_is_on_path_are_offered ... ok
test ui::agent_launch::tests::only_roles_whose_launch_program_is_on_path_are_offered ... ok
test ui::app::close_window_action_tests::dispatching_close_window_takes_the_window_down_with_its_registration ... ok
test terminal::view::gpui_tests::shell_vi_mode_prompt_input_is_not_typeahead ... ok
test ui::app::displayed_gpui_tests::a_released_pane_leaves_the_registry ... ok
test ui::app::displayed_gpui_tests::a_pane_nobody_declared_counts_as_displayed ... ok
test ui::app::cursor_blink_gpui_tests::only_the_focused_pane_advances_its_blink_phase ... ok
test terminal::view::gpui_tests::submitted_exit_typeahead_does_not_wipe_the_returned_prompt ... ok
test terminal::view::gpui_tests::shell_vi_mode_prompt_releases_gap_hold_without_stale_typeahead ... ok
test ui::app::displayed_gpui_tests::the_output_gate_follows_the_active_tab ... ok
test ui::app::hibernate_gpui_tests::a_sleeping_tab_closes_into_what_it_would_have_woken_as ... ok
test ui::app::hibernate_gpui_tests::a_sleeping_tab_keeps_its_place_its_pane_and_its_name ... ok
test ui::app::hibernate_gpui_tests::the_last_awake_tab_has_nothing_to_hand_the_window_to ... ok
test terminal::view::gpui_tests::a_path_the_terminal_wrapped_is_hovered_as_one_link ... ok
test ui::app::keybinding_gpui_tests::escape_cancels_capture_without_writing ... ok
test terminal::view::prompt_handover_tests::a_paste_held_in_the_gap_is_still_a_paste_after_the_handover ... ok
test ui::app::managed_forward_gpui_tests::a_save_that_cannot_be_made_leaves_the_rule_it_would_replace_alone ... ok
test terminal::view::prompt_handover_tests::a_line_typed_into_the_gap_survives_a_prompt_that_is_not_reading_yet ... ok
test ui::app::managed_forward_gpui_tests::an_add_that_never_reaches_the_session_leaves_the_panel_as_it_was ... ok
test terminal::view::prompt_handover_tests::clearing_the_line_in_the_gap_window_clears_the_held_text_too ... ok
test ui::app::managed_forward_gpui_tests::opening_the_forward_form_arms_the_keyboard_and_closing_disarms_it ... ok
test terminal::view::prompt_handover_tests::recalling_history_in_the_gap_window_replaces_the_held_line ... ok
test ui::app::keybinding_gpui_tests::backspace_on_a_row_unbinds_the_action_rather_than_restoring_its_default ... ok
test ui::app::restart_server_gpui_tests::settling_after_a_restart_does_not_lease_the_window_twice ... ok
test ui::app::shell_menu_gpui_tests::a_local_window_lists_this_computers_shells ... ok
test ui::app::rename_gpui_tests::a_rename_box_opens_with_the_caret_after_the_name ... ok
test ui::app::tab_focus_memory_tests::a_landing_pane_inherits_what_its_pending_slot_was_told ... ok
test ui::app::tab_focus_memory_tests::a_leaf_no_tab_holds_is_recorded_nowhere ... ok
test ui::app::tab_focus_memory_tests::a_moved_pane_is_remembered_by_the_tab_that_holds_it_now ... ok
test ui::app::shell_menu_gpui_tests::an_unreachable_remote_window_offers_no_local_shells ... ok
test ui::app::tab_focus_memory_tests::a_switch_begun_off_the_panes_samples_nothing ... ok
test ui::app::tab_focus_memory_tests::a_tab_comes_back_to_the_pane_focus_was_last_in ... ok
test ui::app::rename_gpui_tests::a_rename_rides_out_other_tabs_closing_and_the_strip_reordering ... ok
test ui::app::ssh_rebuild_gpui_tests::a_pure_native_ssh_tab_is_invisible_to_the_tree_not_held ... ok
test ui::app::tests::a_client_side_frame_pulls_the_drop_band_in_by_the_shadow_on_both_sides ... ok
test ui::app::tests::a_connecting_pane_saves_the_agent_it_is_rebuilding ... ok
test ui::app::tests::a_dead_pane_keeps_its_id_so_its_screen_can_be_asked_for ... ok
test ui::app::tests::a_docked_document_is_reserved_by_the_panels_too ... ok
test ui::app::tests::a_drop_band_narrower_than_its_frame_collapses_instead_of_inverting ... ok
test ui::app::tests::a_fork_needs_a_command_an_id_and_a_local_pane ... ok
test ui::app::tests::a_layout_that_came_back_short_says_how_short ... ok
test ui::app::tests::a_local_shell_inherits_only_a_local_directory ... ok
test ui::app::tests::a_move_inside_a_sidebar_group_leaves_the_other_groups_alone ... ok
test ui::app::tests::a_move_with_nothing_to_move_is_refused ... ok
test ui::app::tests::a_native_ssh_leaf_in_a_remote_window_is_not_looked_up_in_the_remote_daemon ... ok
test ui::app::tests::a_native_ssh_pane_the_server_no_longer_has_is_dialled_again ... ok
test ui::app::tests::a_remote_windows_native_ssh_pane_is_ended_here_and_the_rest_by_its_machine ... ok
test ui::app::tests::a_rename_box_left_alone_is_not_a_rename ... ok
test ui::app::tests::a_saved_host_opened_from_a_local_pane_does_not_start_in_its_local_directory ... ok
test ui::app::tab_focus_memory_tests::unzooming_leaves_focus_in_the_pane_that_was_zoomed ... ok
test ui::app::tests::a_tab_moved_past_an_end_carries_the_whole_run_with_it ... ok
test ui::app::tests::a_typed_rename_box_names_the_tab ... ok
test ui::app::tests::a_wide_window_still_stops_a_panel_at_half_of_it ... ok
test ui::app::tests::a_window_too_narrow_for_all_three_falls_back_to_the_floors ... ok
test ui::app::tests::a_start_in_path_saves_only_when_it_names_a_real_directory ... ok
test ui::app::tests::an_emptied_rename_box_gives_the_tab_back_to_its_pane ... ok
test ui::app::tests::an_undecorated_frame_leaves_the_strips_drop_band_where_it_was ... ok
test ui::app::tests::each_confirm_mode_asks_what_it_says_and_the_ssh_warning_always_stands ... ok
test ui::app::tests::each_pane_remembers_the_move_that_landed_on_it ... ok
test ui::app::tests::explicit_flags_override_target_userhost ... ok
test ui::app::tests::fullscreen_drops_the_window_buttons_but_not_their_row ... ok
test ui::app::tests::moving_a_tab_one_slot_puts_it_where_the_neighbour_was ... ok
test ui::app::tests::mru_leads_with_the_active_tab_even_before_its_stamp_lands ... ok
test ui::app::tests::mru_of_a_windowless_workspace_is_empty ... ok
test ui::app::tests::mru_puts_the_active_tab_first_and_the_last_one_used_behind_it ... ok
test ui::app::tests::mru_trails_never_activated_tabs_in_strip_order ... ok
test ui::app::tests::non_windows_reset_preserves_the_synced_windows_backdrop ... ok
test ui::app::tests::parses_ssh_option_words_with_quotes ... ok
test ui::app::tests::parses_typed_connect_flags_and_jump ... ok
test ui::app::tests::parses_typed_connect_into_native_profile ... ok
test ui::app::tests::redialling_the_same_ssh_host_starts_in_the_far_directory_it_was_in ... ok
test ui::app::tests::rejects_bad_typed_connect_lines ... ok
test ui::app::tests::rejects_unclosed_ssh_option_quote ... ok
test ui::app::tests::restore_only_attaches_panes_the_workspace_owns_or_nobody_claims ... ok
test ui::app::tests::shell_arguments_round_trip_between_field_text_and_argv ... ok
test ui::app::tests::shell_arguments_split_the_way_the_field_promises ... ok
test ui::app::ssh_rebuild_gpui_tests::a_tree_rebuild_keeps_the_native_ssh_split_a_remote_tab_holds ... ok
test ui::app::tests::stepping_follows_the_grouped_sidebar_order_not_the_index ... ok
test ui::app::tests::stepping_has_nowhere_to_go_with_one_tab ... ok
test ui::app::tests::stepping_through_tabs_follows_the_strip_and_wraps ... ok
test ui::app::tests::the_close_question_names_what_it_is_about_to_end ... ok
test ui::app::tests::the_idle_and_bulk_questions_say_what_goes ... ok
test ui::app::tests::the_terminal_is_spoken_for_before_either_panel_is ... ok
test ui::app::tests::title_bar_buttons_rest_out_of_sight_only_when_asked_to_and_nobody_points ... ok
test ui::app::tests::unbalanced_quotes_are_refused_not_shredded ... ok
test ui::app::tests::widened_panels_still_leave_the_terminal_its_floor ... ok
test ui::app::tests::windows_reset_clears_the_local_backdrop_override ... ok
test ui::app::tests::role_display_tests::deleted_role_falls_back_to_base_display ... ok
test terminal::view::prompt_handover_tests::a_prompt_handover_keeps_the_held_text_in_front_of_what_follows_it ... ok
test ui::app::unfocused_shortcut_tests::palette_after_blur ... ok
test ui::app::tab_focus_memory_tests::zooming_from_off_the_panes_zooms_the_remembered_pane ... ok
test ui::app::tab_focus_memory_tests::a_tab_switch_returns_to_the_pane_focus_arrived_in ... ok
test terminal::view::prompt_handover_tests::the_editor_takes_the_held_line_over_before_it_edits_it ... ok
test ui::app::unfocused_shortcut_tests::palette_with_orphan_focus ... ok
test ui::app::window_drag_tests::a_per_frame_cell_loses_the_arm_to_the_same_repaint ... ok
test ui::app::unfocused_shortcut_tests::palette_with_app_focus ... ok
test ui::app::window_drag_tests::a_handle_without_a_blocking_hitbox_hands_the_press_to_the_row - should panic ... ok
test ui::app::window_drag_tests::a_press_alone_does_not_move_the_window ... ok
test ui::app::window_drag_tests::a_press_on_a_resize_handle_does_not_move_the_window ... ok
test ui::app::window_drag_tests::a_release_disarms_so_a_later_hover_does_not_drag ... ok
test ui::app::window_drag_tests::the_arm_survives_a_repaint_between_press_and_move - should panic ... ok
test ui::app::window_drag_tests::two_rows_on_screen_keep_separate_arms ... ok
test ui::app::unfocused_shortcut_tests::settings_in_its_own_window_leaves_the_workspace_its_focus ... ok
test ui::assets::tests::every_git_icon_resolves ... ok
test ui::app::ui_font_gpui_tests::clearing_the_interface_font_puts_the_stock_face_back ... ok
test ui::assets::tests::stock_prefix_works_for_unoverridden_glyphs ... ok
test ui::assets::tests::every_agent_icon_resolves ... ok
test ui::assets::tests::stock_prefix_bypasses_the_overrides ... ok
test ui::assets::tests::the_plus_is_drawn_on_the_bound_the_rest_of_the_set_uses ... ok
test ui::app::unfocused_shortcut_tests::settings_with_orphan_focus ... ok
test ui::app::unfocused_shortcut_tests::switcher_with_orphan_focus ... ok
test ui::code_editor::gutter::tests::a_lost_final_newline_is_a_change_to_the_last_line ... ok
test ui::code_editor::gutter::tests::a_pasted_crlf_is_not_a_change ... ok
test ui::code_editor::gutter::tests::added_lines_at_the_start_middle_and_end ... ok
test ui::code_editor::gutter::tests::deleted_lines_at_the_start_middle_and_end ... ok
test ui::code_editor::gutter::tests::diffs_are_minimal_on_interleaved_edits ... ok
test ui::code_editor::gutter::tests::identical_texts_have_no_hunks ... ok
test ui::code_editor::gutter::tests::markers_follow_the_hunk_kinds ... ok
test ui::code_editor::gutter::tests::a_huge_rewrite_falls_back_to_one_block ... ok
test ui::code_editor::gutter::tests::modified_lines_and_separate_hunks ... ok
test ui::code_editor::gutter::tests::reverting_puts_the_base_lines_back ... ok
test ui::code_editor::gutter::tests::step_wraps_forward_past_the_last_hunk ... ok
test ui::code_editor::gutter::tests::the_base_is_decoded_the_way_the_buffer_was ... ok
test ui::code_editor::close_gpui_tests::close_from_the_terminal_is_still_the_terminals ... ok
test ui::code_editor::gutter::tests::the_cursor_finds_its_hunk_and_steps_between_them ... ok
test ui::app::zoom_gpui_tests::a_tabs_zoom_survives_a_round_trip_to_another_tab ... ok
test ui::app::zoom_gpui_tests::the_zoom_mark_is_on_whichever_tabs_are_hiding_panes ... ok
test ui::code_editor::gutter::tests::the_base_is_the_staged_version ... ok
test ui::code_editor::gutter::tests::markers_steps_and_revert_in_an_open_buffer ... ok
test terminal::view::gpui_tests::the_composer_stands_in_for_the_agents_input_and_steps_aside_for_its_prompts ... ok
test ui::code_editor::close_gpui_tests::switching_to_an_empty_editor_leaves_the_focus_alone ... ok
test ui::code_editor::nav::tests::a_new_jump_forgets_the_way_forward ... ok
test ui::code_editor::nav::tests::a_page_down_or_a_paste_is_not_a_jump ... ok
test ui::code_editor::nav::tests::a_pending_back_is_not_mistaken_for_a_jump ... ok
test ui::code_editor::nav::tests::back_and_forward_walk_the_places_jumped_from ... ok
test ui::code_editor::nav::tests::breadcrumb_paths_start_at_their_project ... ok
test ui::code_editor::nav::tests::closed_untitled_buffers_can_be_dropped ... ok
test ui::code_editor::nav::tests::paging_pasting_and_undoing_are_the_quiet_moves ... ok
test ui::code_editor::nav::tests::places_move_with_lines_inserted_or_deleted_above_them ... ok
test ui::code_editor::nav::tests::places_near_each_other_are_one_entry ... ok
test ui::code_editor::nav::tests::symbol_rows_carry_their_containers_and_the_breadcrumb_chain_names_them ... ok
test ui::code_editor::nav::tests::the_back_stack_is_capped ... ok
test ui::code_editor::nav::tests::the_tracker_records_jumps_but_not_walks_or_edits ... ok
test ui::code_editor::outline::tests::a_language_servers_nested_answer_flattens_the_same_way ... ok
test ui::code_editor::outline::tests::a_language_without_a_query_has_an_empty_outline ... ok
test ui::code_editor::close_gpui_tests::closing_the_last_file_keeps_close_on_the_editor ... ok
test ui::code_editor::nav::gpui_tests::go_to_symbol_previews_and_escape_puts_the_caret_back ... ok
test ui::app::keybinding_gpui_tests::recording_a_shortcut_writes_the_override_and_ends_capture ... ok
test ui::app::keybinding_gpui_tests::recording_a_chord_another_action_also_has_takes_only_that_chord ... ok
test ui::code_editor::outline::tests::every_outline_query_compiles_against_its_grammar ... ok
test ui::code_editor::outline::tests::c_and_cpp_find_functions_through_their_declarators ... ok
test ui::code_editor::outline::tests::java_nests_members_in_their_class ... ok
test ui::code_editor::outline::tests::go_methods_carry_their_receiver ... ok
test ui::code_editor::outline::tests::javascript_finds_classes_methods_and_arrow_functions ... ok
test ui::code_editor::outline::tests::python_classes_hold_their_methods ... ok
test ui::code_editor::outline::tests::markdown_headings_nest_by_level ... ok
test ui::code_editor::outline::tests::the_chain_at_a_position_runs_outermost_to_innermost ... ok
test ui::code_editor::outline::tests::ruby_and_bash_have_outlines_too ... ok
test ui::code_editor::problems::tests::a_row_shows_the_first_line_of_the_message ... ok
test ui::code_editor::problems::tests::problems_are_sorted_by_file_then_position_without_hints ... ok
test ui::code_editor::outline::tests::rust_nests_methods_under_their_impl ... ok
test ui::code_editor::outline::tests::typescript_adds_its_type_declarations ... ok
test ui::app::keybinding_gpui_tests::recording_an_extra_default_chord_displaces_its_owner ... ok
test ui::app::keybinding_gpui_tests::recording_a_two_chord_sequence_writes_the_full_spec ... ok
test ui::code_editor::nav::gpui_tests::the_palette_offers_the_editor_commands_only_with_a_file_open ... ok
test ui::code_editor::split::tests::a_file_opened_while_the_restore_loaded_stays_in_front ... ok
test ui::code_editor::split::tests::a_group_that_loses_its_last_file_closes ... ok
test ui::code_editor::split::tests::a_restore_lays_out_the_recorded_groups ... ok
test ui::code_editor::split::tests::a_split_made_while_the_restore_loaded_is_kept ... ok
test ui::code_editor::split::tests::closing_in_one_group_keeps_the_file_in_the_other ... ok
test ui::code_editor::split::tests::splitting_opens_the_file_in_front_in_a_focused_right_group ... ok
test ui::code_editor::split::tests::the_focus_swaps_the_groups_but_not_their_places ... ok
test ui::code_editor::strip::tests::a_split_keeps_the_other_groups_order ... ok
test ui::code_editor::strip::tests::closed_files_leave_the_order ... ok
test ui::code_editor::strip::tests::the_file_in_front_always_has_a_place ... ok
test ui::code_editor::strip::tests::the_strip_keeps_the_files_last_in_front_in_their_strip_order ... ok
test ui::code_editor::tests::a_changed_span_never_splits_a_character ... ok
test ui::code_editor::tests::a_file_that_vanished_is_reported_deleted_whether_or_not_it_was_edited ... ok
test ui::code_editor::tests::a_file_the_desktop_would_run_is_not_handed_to_it ... ok
test terminal::view::gpui_tests::a_theme_change_reaches_only_the_panes_that_asked ... ok
test ui::code_editor::tests::a_strip_opens_new_files_beside_the_current_one_and_closes_toward_the_right ... ok
test ui::code_editor::tests::an_agent_is_told_the_lines_a_selection_covers ... ok
test ui::code_editor::tests::external_changes_are_told_apart_from_our_own_saves ... ok
test ui::code_editor::tests::files_arriving_in_the_background_keep_their_order_and_the_front_file ... ok
test ui::code_editor::tests::go_to_line_reads_the_forms_people_type ... ok
test ui::code_editor::tests::language_map_covers_common_extensions ... ok
test ui::code_editor::tests::only_the_span_that_changed_is_replaced ... ok
test ui::code_editor::tests::the_fingerprint_does_not_depend_on_how_the_text_is_chunked ... ok
test ui::diff_list::tests::a_collapsed_file_is_a_single_row ... ok
test ui::diff_list::tests::a_file_over_the_line_count_opens_only_when_asked ... ok
test ui::diff_list::tests::a_focused_file_is_the_only_one_flattened ... ok
test ui::diff_list::tests::a_line_row_names_its_file_and_its_place_in_the_hunk ... ok
test ui::diff_list::tests::a_preview_is_one_open_file ... ok
test ui::diff_list::tests::a_rename_shows_both_names_and_a_binary_file_cannot_be_opened ... ok
test ui::diff_list::tests::a_truncation_note_lands_under_the_lines_it_is_about ... ok
test ui::diff_list::tests::an_open_file_flattens_to_a_header_a_hunk_header_and_a_row_per_line ... ok
test ui::diff_list::tests::each_hunk_numbers_its_own_rows ... ok
test ui::diff_list::tests::files_are_separated_by_a_gap_and_the_list_never_opens_with_one ... ok
test ui::diff_list::tests::only_the_first_hunk_of_a_file_follows_its_header ... ok
test ui::diff_list::tests::the_oversized_banner_leads_and_collapses_what_was_not_asked_for ... ok
test ui::diff_list::tests::the_untracked_list_is_capped_but_its_count_stays_true ... ok
test ui::diff_list::tests::the_file_list_is_capped_and_the_tail_gets_one_line ... ok
test ui::code_editor::nav::gpui_tests::history_follows_edits_to_the_file ... ok
test ui::code_editor::problems::tests::the_pane_toggles_and_draws_empty ... ok
test ui::diff_overlay::overlay_gpui_tests::a_second_source_over_one_directory_is_a_second_overlay ... ok
test ui::code_editor::nav::gpui_tests::the_symbol_chord_puts_go_to_symbol_away ... ok
test ui::diff_overlay::overlay_gpui_tests::a_focused_untracked_file_still_has_a_way_back ... ok
test ui::code_editor::nav::gpui_tests::a_symbol_jump_can_be_walked_back_and_forward ... ok
test ui::diff_overlay::overlay_gpui_tests::the_same_source_twice_still_closes ... ok
test ui::code_editor::nav::gpui_tests::tab_walks_the_editors_row ... ok
test ui::diff_overlay::selection_gpui_tests::a_copy_with_nothing_selected_leaves_the_clipboard_alone ... ok
test ui::diff_overlay::overlay_gpui_tests::toggling_the_diff_view_mode_writes_config ... ok
test ui::diff_overlay::selection_gpui_tests::a_docked_range_overlay_paints_its_rows ... ok
test ui::diff_overlay::selection_gpui_tests::a_drag_up_a_column_copies_the_same_rows ... ok
test ui::diff_overlay::selection_gpui_tests::a_drag_down_a_column_copies_that_column ... ok
test ui::diff_overlay::selection_gpui_tests::a_fresh_snapshot_drops_the_selection ... ok
test ui::diff_overlay::selection_gpui_tests::a_release_the_overlay_missed_ends_the_drag ... ok
test ui::diff_overlay::selection_gpui_tests::collapsing_a_file_above_the_range_leaves_it_on_the_same_lines ... ok
test ui::diff_overlay::selection_gpui_tests::a_ready_range_overlay_paints_with_panel_open ... ok
test ui::diff_overlay::render_idle_gpui_tests::a_long_patch_builds_only_the_rows_on_screen ... ok
test ui::diff_overlay::tests::a_focused_untracked_file_asks_for_a_preview_not_the_list ... ok
test ui::diff_overlay::tests::a_huge_untracked_list_does_not_collapse_the_diff ... ok
test ui::diff_overlay::tests::a_labelled_commit_says_what_it_was_about ... ok
test ui::diff_overlay::tests::a_list_that_was_empty_or_becomes_empty_splices_in_one_piece ... ok
test ui::diff_overlay::tests::a_supplied_patch_is_named_by_its_number ... ok
test ui::diff_overlay::tests::an_empty_snapshot_reads_as_clean_only_when_the_probe_worked ... ok
test ui::diff_overlay::tests::an_equal_snapshot_leaves_the_key_pointing_at_the_one_that_landed ... ok
test ui::diff_overlay::tests::an_ordinary_busy_tree_is_not_oversized ... ok
test ui::diff_overlay::tests::bench_snapshot_share ... ignored, measurement, not an assertion
test ui::diff_overlay::tests::each_source_names_itself_in_the_header ... ok
test ui::diff_overlay::tests::every_file_status_lands_on_a_shared_decoration ... ok
test ui::diff_overlay::tests::explicit_choices_survive_an_oversized_transition ... ok
test ui::diff_overlay::tests::file_cards_are_capped ... ok
test ui::diff_overlay::tests::full_window_diff_background_is_opaque_with_or_without_a_preset ... ok
test ui::diff_overlay::tests::many_medium_files_are_oversized_and_build_no_rows ... ok
test ui::diff_overlay::tests::only_the_rows_that_changed_are_spliced ... ok
test ui::diff_overlay::tests::per_file_collapse_is_unchanged_below_the_repo_threshold ... ok
test ui::diff_overlay::tests::repo_wide_collapse_overrides_the_per_file_default ... ok
test ui::diff_overlay::tests::the_banner_names_the_budget_when_context_outweighs_the_changes ... ok
test ui::diff_overlay::tests::the_banner_names_the_per_file_cap_when_context_outweighs_the_changes ... ok
test ui::diff_overlay::selection_gpui_tests::starting_a_drag_takes_the_keyboard ... ok
test ui::diff_overlay::tests::the_change_column_uses_the_typographic_minus ... ok
test ui::diff_overlay::tests::the_byline_drops_the_separator_along_with_the_half_it_joined ... ok
test ui::diff_overlay::tests::the_probe_key_separates_the_sources_over_one_directory ... ok
test ui::diff_overlay::tests::the_header_shortens_an_object_id_and_nothing_else ... ok
test ui::diff_overlay::tests::untracked_count_falls_back_to_the_retained_length ... ok
test ui::diff_rows::tests::a_drag_across_hunks_copies_every_row_between_its_ends ... ok
test ui::diff_rows::tests::a_drag_down_the_new_column_copies_the_file_as_it_now_reads ... ok
test ui::diff_overlay::tests::untracked_rows_are_capped_but_the_count_stays_true ... ok
test ui::diff_rows::tests::a_drag_down_the_old_column_copies_the_file_as_it_was ... ok
test ui::diff_rows::tests::a_drag_the_other_way_round_copies_the_same_rows ... ok
test ui::diff_rows::tests::a_selection_lights_only_the_column_the_drag_started_in ... ok
test ui::diff_rows::tests::a_selection_pointing_past_the_patch_copies_nothing ... ok
test ui::diff_rows::tests::a_unified_selection_never_lights_a_split_cell ... ok
test ui::diff_rows::tests::both_views_render_every_line_exactly_once ... ok
test ui::diff_rows::tests::copying_keeps_the_tabs_the_file_was_written_with ... ok
test ui::diff_rows::tests::each_view_builds_the_rows_its_renderer_draws ... ok
test ui::diff_rows::tests::expand_tabs_is_a_fixed_width_substitution ... ok
test ui::diff_rows::tests::expands_tabs_in_cell_text ... ok
test ui::diff_rows::tests::line_label_reports_file_line_numbers ... ok
test ui::diff_rows::tests::nothing_the_gutter_draws_is_copied ... ok
test ui::diff_rows::tests::one_row_copies_one_line ... ok
test ui::diff_rows::tests::pairs_removed_and_added_side_by_side ... ok
test ui::diff_rows::tests::rows_order_by_hunk_before_row ... ok
test ui::diff_rows::tests::the_unified_view_copies_the_rows_in_the_order_it_drew_them ... ok
test ui::diff_rows::tests::unified_expands_tabs_the_same_way_split_does ... ok
test ui::diff_rows::tests::unified_keeps_gits_own_order ... ok
test ui::diff_rows::tests::unified_numbers_each_column_from_the_side_it_belongs_to ... ok
test ui::diff_overlay::selection_gpui_tests::switching_the_view_drops_the_selection ... ok
test ui::code_editor::split::gpui_tests::a_split_with_nothing_on_the_left_still_comes_back ... ok
test ui::document_column::gpui_tests::a_narrow_window_falls_back_without_saving_it ... ok
test ui::document_column::gpui_tests::closing_the_surface_gives_the_width_back ... ok
test ui::diff_overlay::selection_gpui_tests::resizing_keeps_the_rows_painted ... ok
test ui::document_column::gpui_tests::asking_to_fill_is_kept_and_a_named_width_docks_again ... ok
test ui::document_column::tests::a_dragged_width_is_one_the_config_can_keep ... ok
test ui::document_column::tests::a_thin_share_still_gets_the_documents_floor ... ok
test ui::document_column::tests::a_window_too_narrow_for_both_has_no_docked_width ... ok
test ui::document_column::tests::half_of_the_body_is_half_of_the_body ... ok
test ui::document_column::tests::the_divider_cycles_the_named_widths ... ok
test ui::document_column::tests::the_terminal_keeps_its_floor_at_every_share ... ok
test ui::document_column::tests::two_thirds_is_two_thirds_until_the_terminal_floor_says_otherwise ... ok
test ui::editor_session::tests::a_document_round_trips_with_tab_ids_as_keys ... ok
test ui::editor_session::tests::a_record_from_before_the_split_still_reads ... ok
test ui::editor_session::tests::the_oldest_tabs_are_forgotten_first ... ok
test ui::document_column::gpui_tests::the_palette_offers_the_active_tabs_layout_not_the_configs ... ok
test ui::editor_text::tests::block_comment_spaces_do_not_outvote_tabs ... ok
test ui::editor_text::tests::basename_glob_matches_at_any_depth ... ok
test ui::editor_text::tests::config_overrides_detected_indent ... ok
test ui::editor_text::tests::crlf_gb18030_round_trips ... ok
test ui::editor_text::tests::crlf_is_normalised_and_restored ... ok
test ui::document_column::gpui_tests::opening_the_code_panel_docks_a_column_beside_the_terminal ... ok
test ui::editor_text::tests::empty_file_is_utf8 ... ok
test ui::editor_text::tests::every_byte_survives_the_windows_1252_fallback ... ok
test ui::editor_text::tests::four_space_file_with_deep_dedents_and_blank_lines ... ok
test ui::editor_text::tests::gb18030_chinese_text_is_recognised ... ok
test ui::editor_text::tests::gb18030_encodes_all_of_unicode ... ok
test ui::editor_text::tests::double_star_crosses_directories ... ok
test ui::editor_text::tests::indent_size_tab_uses_tab_width ... ok
test ui::editor_text::tests::is_root_reads_only_the_preamble ... ok
test ui::editor_text::tests::later_sections_override_earlier_ones ... ok
test ui::editor_text::tests::latin_text_falls_back_to_windows_1252 ... ok
test ui::editor_text::tests::latin_text_that_is_valid_gbk_is_still_windows_1252 ... ok
test ui::editor_text::tests::lone_cr_is_left_alone ... ok
test ui::editor_text::tests::mixed_endings_follow_the_majority ... ok
test ui::document_column::gpui_tests::one_tabs_fill_leaves_the_other_docked ... ok
test ui::editor_text::tests::glob_with_a_slash_is_anchored ... ok
test ui::editor_text::tests::new_text_encodes_with_the_chosen_format ... ok
test ui::editor_text::tests::no_evidence_uses_the_language_default ... ok
test ui::editor_text::tests::nearer_configs_override_and_root_stops_the_walk ... ok
test ui::editor_text::tests::nul_in_the_first_8k_is_binary ... ok
test ui::editor_text::tests::plain_utf8_is_utf8_without_bom ... ok
test ui::editor_text::tests::save_rules_respect_false_and_unset ... ok
test ui::editor_text::tests::save_rules_trim_and_add_final_newline ... ok
test ui::editor_text::tests::spaces_without_a_recognised_step_fall_back_to_four ... ok
test ui::editor_text::tests::tab_indented_file_uses_tabs ... ok
test ui::editor_text::tests::ties_and_no_breaks_are_lf ... ok
test ui::editor_text::tests::two_space_file ... ok
test ui::editor_text::tests::unrepresentable_character_is_named ... ok
test ui::editor_text::tests::utf16_crlf_is_normalised_and_restored ... ok
test ui::editor_text::tests::utf16_le_and_be_boms_decode ... ok
test ui::editor_text::tests::unknown_keys_and_bad_values_are_ignored ... ok
test ui::editor_text::tests::utf8_bom_is_stripped_and_restored ... ok
test ui::editor_text::tests::unset_clears_an_inherited_value ... ok
test ui::file_copy::tests::a_drag_abandoned_on_the_folder_it_started_from_says_nothing ... ok
test ui::file_copy::tests::a_download_lands_under_its_name_and_numbers_a_second_copy ... ok
test ui::file_copy::tests::a_download_over_the_limit_says_so_and_writes_nothing ... ok
test ui::file_copy::tests::a_dropped_file_lands_in_the_directory_it_was_dropped_on ... ok
test ui::file_copy::tests::a_dropped_folder_brings_everything_under_it ... ok
test ui::editor_text::tests::braces_classes_and_ranges ... ok
test ui::file_copy::tests::a_folder_cannot_be_copied_into_itself ... ok
test ui::file_copy::tests::a_finished_replacement_leaves_no_working_files_behind ... ok
test ui::file_copy::tests::a_folder_is_not_downloaded_as_a_file ... ok
test ui::file_copy::tests::a_name_already_there_is_reported_and_nothing_is_written ... ok
test ui::file_copy::tests::a_path_that_is_not_on_this_machine_is_refused_rather_than_guessed_at ... ok
test ui::file_copy::tests::a_row_dropped_back_on_its_own_folder_does_nothing ... ok
test ui::diff_overlay::selection_gpui_tests::a_realistic_range_overlay_paints_unfocused ... ok
test ui::file_copy::tests::an_executable_stays_executable ... ok
test ui::file_copy::tests::the_pass_that_carries_the_answer_does_not_ask_again ... ok
test ui::file_copy::tests::replacing_a_folder_leaves_what_was_dropped_and_not_the_union ... ok
test ui::file_copy::tests::two_dropped_items_of_the_same_name_do_not_land_on_top_of_each_other ... ok
test ui::document_column::gpui_tests::the_tab_chips_stop_where_the_document_column_starts ... ok
test ui::file_copy::tests::a_symlink_cycle_cannot_make_the_copy_walk_forever ... ok
test ui::diff_overlay::overlay_gpui_tests::every_source_renders_in_both_views ... ok
test ui::file_copy::tests::a_replacement_that_fails_partway_leaves_what_was_there ... ok
test ui::code_editor::split::gpui_tests::a_split_is_recorded_and_comes_back ... ok
test ui::code_editor::split::gpui_tests::a_key_pressed_right_after_a_focus_move_acts_on_the_new_group ... ok
test ui::code_editor::split::gpui_tests::a_menu_command_right_after_a_focus_move_acts_on_the_new_group ... ok
test ui::code_editor::split::gpui_tests::what_is_opened_while_a_restore_loads_survives_it ... ok
test ui::code_editor::split::gpui_tests::two_groups_keep_their_own_file_and_caret ... ok
test ui::diff_overlay::render_idle_gpui_tests::an_overlay_over_a_stale_branch_reaches_render_idle ... ok
test ui::file_tree::drop_gpui_tests::a_drop_over_a_name_that_is_taken_asks_before_it_writes ... ok
test ui::file_tree::drop_gpui_tests::a_dropped_file_is_copied_in_and_shows_up_in_the_tree ... ok
test ui::file_tree::drop_gpui_tests::answering_yes_replaces_what_was_there ... ok
test ui::app::new_window_action_tests::new_window_answers_with_no_window_to_dispatch_it ... ok
test ui::app::new_window_action_tests::dispatching_new_window_opens_a_second_window_beside_the_first ... ok
test ui::file_tree::tests::a_directorys_own_event_does_not_relist_it ... ok
test ui::file_tree::tests::a_failed_search_says_so_instead_of_drawing_no_rows ... ok
test ui::file_tree::tests::a_folder_is_only_ever_changed_or_conflicted_and_never_lettered ... ok
test ui::file_tree::tests::a_gitignored_row_is_left_with_the_styling_it_already_had ... ok
test ui::file_tree::tests::a_listing_superseded_in_flight_is_still_shown ... ok
test ui::file_tree::tests::a_rejected_write_drops_the_row_it_guessed ... ok
test ui::file_tree::tests::a_row_is_keyed_by_where_it_sits_below_the_repository_root ... ok
test ui::file_tree::tests::a_search_that_failed_is_not_a_search_with_no_hits ... ok
test ui::file_tree::tests::a_symlink_cycle_cannot_make_the_search_walk_forever ... ok
test ui::file_tree::tests::a_windows_path_is_keyed_with_forward_slashes ... ok
test ui::file_tree::tests::an_expanded_directory_says_why_it_has_no_children ... ok
test ui::file_tree::tests::an_outdated_listing_stays_on_screen_until_its_replacement_lands ... ok
test ui::file_tree::tests::an_unshown_dot_file_does_not_trigger_a_relist ... ok
test ui::file_tree::tests::dropping_the_file_map_leaves_the_folders_decorated ... ok
test ui::file_tree::tests::every_status_gets_its_letter_and_its_own_name_shape ... ok
test ui::file_tree::tests::search_retarget_spawns_once_per_query_and_older_walks_lose ... ok
test ui::file_tree::tests::shell_quote_for_picks_double_quotes_only_for_cmd ... ok
test ui::file_tree::tests::shell_quote_leaves_safe_paths_and_quotes_the_rest ... ok
test ui::file_tree::tests::sort_puts_dirs_first_then_case_insensitive_names ... ok
test ui::file_tree::tests::the_innermost_repository_answers_for_its_own_rows ... ok
test ui::file_tree::tests::the_tree_reads_the_same_listing_out_of_the_host ... ok
test ui::forwards::tests::a_complete_local_rule_is_collected ... ok
test ui::forwards::tests::a_half_typed_rule_is_not_a_rule ... ok
test ui::forwards::tests::a_rule_survives_the_round_trip_through_a_live_forward ... ok
test ui::forwards::tests::a_socks_proxy_needs_nothing_but_a_port_to_listen_on ... ok
test ui::forwards::tests::a_switch_is_written_back_to_the_saved_rule_it_came_from ... ok
test ui::forwards::tests::a_switched_off_forward_keeps_its_switch_through_an_edit ... ok
test ui::forwards::tests::an_untouched_form_is_blank_and_a_touched_one_is_not ... ok
test ui::forwards::tests::one_number_is_a_whole_rule_in_the_short_form ... ok
test ui::forwards::tests::port_zero_is_refused_rather_than_quietly_ephemeral ... ok
test ui::forwards::tests::the_entry_an_add_appended_is_the_one_that_was_not_there_before ... ok
test ui::forwards::tests::the_short_form_is_blank_until_the_port_is_typed ... ok
test ui::github::detail::tests::a_pasted_log_runs_long_and_a_few_paragraphs_do_not ... ok
test ui::github::detail::tests::durations_read_as_short_as_githubs ... ok
test ui::github::tests::a_forks_branch_is_looked_for_under_the_forks_owner ... ok
test ui::github::tests::an_untracked_branch_is_looked_for_under_its_own_name ... ok
test ui::github::tests::the_longest_remote_name_claims_the_upstream ... ok
test terminal::view::gpui_tests::a_dead_programs_2031_never_reaches_the_shell ... ok
test ui::hints::gpui_tests::deactivation_dismisses_visible_badges ... ok
test ui::hints::tests::tab_badge_label_is_the_bare_digit ... ok
test ui::home::strip_layout_tests::a_long_failure_wraps_instead_of_stretching_the_card ... ok
test ui::home::strip_layout_tests::the_copy_bar_stays_inside_the_home_strip ... ok
test ui::home::tests::a_path_that_is_one_huge_name_keeps_what_it_can ... ok
test ui::home::tests::closed_tab_label_clamps_runaway_names ... ok
test ui::home::tests::closed_tab_label_falls_back_to_the_first_leaf_cwd_dir_name ... ok
test ui::home::tests::closed_tab_label_is_none_when_nothing_is_known ... ok
test ui::home::tests::closed_tab_label_prefers_the_user_set_name ... ok
test ui::home::tests::closed_tab_label_searches_splits_for_the_first_cwd ... ok
test ui::home::tests::display_path_collapses_home_and_elides_from_the_front ... ok
test ui::home::tests::display_path_does_not_measure_another_machine_by_this_one ... ok
test ui::home::tests::every_home_shortcut_ships_with_a_chord_to_show ... ok
test ui::home::tests::logo_rows_never_exceed_the_first_row_width ... ok
test ui::home::tests::relative_time_never_counts_down_to_zero_between_ranges ... ok
test ui::home::tests::relative_time_never_renders_a_negative_age ... ok
test ui::home::tests::relative_time_reads_coarsely_across_the_ranges ... ok
test ui::home::tests::the_home_list_leaves_out_what_an_empty_window_cannot_do ... ok
test ui::host_ops::blocking::tests::a_job_that_landed_during_the_timeout_keeps_the_worker_alive ... ok
test ui::host_ops::blocking::tests::a_worker_retires_only_on_a_timeout_with_nothing_queued ... ok
test ui::host_ops::blocking::tests::an_idle_thread_is_preferred_over_a_new_one ... ok
test ui::host_ops::blocking::tests::the_first_job_starts_the_first_thread ... ok
test ui::host_ops::blocking::tests::the_pool_stops_growing_at_its_ceiling ... ok
test ui::host_ops::failure_tests::a_reason_mid_sentence_leaves_it_whole ... ok
test ui::host_ops::failure_tests::the_reason_comes_off_the_end_with_its_separator ... ok
test ui::hints::gpui_tests::deactivation_cancels_a_pending_reveal ... ok
test ui::host_ops::tests::by_host_keys_by_machine_as_well_as_path ... ok
test ui::host_ops::tests::in_flight_tracks_supersession ... ok
test ui::host_ops::tests::invalidate_all_covers_everything_in_flight ... ok
test ui::host_ops::tests::lookups_borrow_the_key_rather_than_cloning_it ... ok
test ui::host_ops::tests::the_failures_people_can_act_on_get_a_sentence ... ok
test ui::host_registry::tests::a_default_registry_already_holds_the_local_host ... ok
test ui::host_registry::tests::remote_hosts_come_and_go_but_local_stays ... ok
test ui::i18n::en::tests::english_is_the_complete_table ... ok
test ui::i18n::ja::tests::japanese_covers_every_key ... ok
test ui::i18n::tests::every_key_is_translated_in_every_locale ... ok
test ui::i18n::tests::explicit_languages_select_the_right_locale ... ok
test ui::i18n::tests::plural_and_select_branches_are_translated ... ok
test ui::i18n::tests::wording_that_names_a_platform_names_this_one ... ok
test ui::i18n::zh::tests::chinese_covers_every_key ... ok
test ui::instance_picker::tests::cursor_starts_on_the_remembered_row ... ok
test ui::instance_picker::tests::cursor_wraps_around_the_rows ... ok
test ui::instance_picker::tests::selections_map_to_memory_values ... ok
test ui::instance_picker::tests::typed_text_wins_over_the_cursor_row ... ok
test ui::keymap::gpui_tests::a_chord_added_in_config_keeps_the_default_one ... ok
test ui::keymap::gpui_tests::a_chord_added_under_the_tmux_preset_joins_the_preset_chord ... ok
test ui::keymap::gpui_tests::a_chord_the_user_adds_wins_over_a_default_already_on_it ... ok
test ui::keymap::gpui_tests::a_list_is_the_whole_set_of_chords_for_an_action ... ok
test ui::keymap::gpui_tests::a_rebuild_keeps_the_bindings_tty7_did_not_install ... ok
test ui::keymap::gpui_tests::alt_digits_can_be_moved_off_the_tab_actions_for_good ... ok
test ui::keymap::gpui_tests::an_empty_chord_still_unbinds_the_action ... ok
test ui::keymap::gpui_tests::an_empty_list_unbinds_the_action ... ok
test ui::host_ops::gpui_tests::a_detached_result_lands_after_its_view_is_dropped ... ok
test ui::keymap::gpui_tests::editor_change_chords_are_bound_only_in_an_input ... ok
test ui::keymap::gpui_tests::editor_multi_cursor_chords_outrank_the_pane_bindings ... ok
test ui::keymap::gpui_tests::editor_navigation_chords_outrank_the_window_inside_a_text_field ... ok
test ui::keymap::gpui_tests::init_then_rebind_installs_the_merged_table ... ok
test ui::keymap::gpui_tests::the_code_editor_chords_win_inside_the_editor ... ok
test ui::keymap::gpui_tests::repeated_rebinds_do_not_grow_the_keymap ... ok
test ui::keymap::tests::a_chord_the_platform_delivers_with_shift_intact_stays_bound ... ok
test ui::keymap::tests::a_key_the_us_table_does_not_know_is_left_alone ... ok
test ui::keymap::tests::a_shifted_punctuation_chord_dispatches_however_it_is_spelled ... ok
test ui::keymap::tests::action_context_matches_the_scope_make_binding_installs ... ok
test ui::keymap::tests::each_binding_lands_in_the_context_its_action_is_scoped_to ... ok
test ui::keymap::gpui_tests::the_keybinding_triple_only_moves_when_a_binding_does ... ok
test ui::keymap::tests::every_action_has_a_binding_arm ... ok
test ui::keymap::tests::every_action_has_an_authored_name ... ok
test ui::keymap::tests::every_default_action_has_a_binding_builder_or_is_unbound ... ok
test ui::keymap::tests::every_dispatchable_action_has_a_slot_to_bind_it_in ... ok
test ui::keymap::tests::f11_is_the_only_default_on_a_bare_function_key ... ok
test ui::keymap::tests::folding_leaves_every_other_spelling_alone ... ok
test ui::keymap::tests::insert_newline_ships_both_default_chords ... ok
test ui::keymap::tests::key_chords_splits_a_sequence_into_keycap_groups ... ok
test ui::keymap::tests::key_tokens_keeps_the_minus_key_as_the_final_token ... ok
test ui::keymap::tests::key_tokens_maps_modifiers_to_glyphs ... ok
test ui::keymap::tests::every_default_chord_is_claimed_by_exactly_one_action ... ok
test ui::keymap::tests::new_agent_tab_ships_a_chord_only_where_one_is_free ... ok
test ui::keymap::tests::new_window_ships_a_chord_only_where_one_is_free ... ok
test ui::keymap::tests::no_default_binding_sits_on_a_terminal_control_code ... ok
test ui::keymap::tests::rebinding_insert_newline_retires_both_default_chords ... ok
test ui::keymap::tests::secondary_enter_chords_are_distinct_from_insert_newline ... ok
test ui::keymap::tests::shift_enter_fallback_retires_with_an_insert_newline_rebind ... ok
test ui::keymap::tests::shift_enter_prefix_binding_still_waits_for_its_second_key ... ok
test ui::keymap::tests::spec_from_keystroke_ignores_a_lone_modifier ... ok
test ui::keymap::tests::spec_from_keystroke_round_trips_through_parse ... ok
test ui::keymap::tests::the_commit_key_only_fires_inside_the_commit_box ... ok
test ui::keymap::tests::the_control_code_guard_follows_the_folded_chord ... ok
test ui::keymap::tests::the_control_code_rule_knows_what_the_shell_needs ... ok
test ui::keymap::tests::the_default_pane_cycle_chord_reaches_its_action ... ok
test ui::keymap::tests::paste_ships_both_terminal_chords_off_macos_and_retires_together ... ok
test ui::keymap::tests::the_page_speaks_the_same_words_as_the_rest_of_the_app ... ok
test ui::keymap::tests::tmux_preset_keystrokes_all_parse_and_map_to_actions ... ok
test ui::keymap::tests::two_spellings_of_one_chord_are_recognised_as_one ... ok
test ui::local_link::claims_tests::a_closed_window_lets_go_of_what_it_held ... ok
test ui::local_link::claims_tests::a_hydration_yields_to_another_holder_unless_the_user_asked ... ok
test ui::local_link::claims_tests::a_reconnect_reclaims_held_workspaces_and_only_those ... ok
test ui::local_link::claims_tests::a_remote_client_taking_the_workspace_puts_the_window_in_taken_over ... ok
test ui::local_link::claims_tests::a_restored_window_yields_a_workspace_someone_else_holds ... ok
test ui::local_link::claims_tests::a_window_showing_a_workspace_claims_it ... ok
test ui::local_link::claims_tests::an_answer_over_a_dead_link_does_not_count_on_the_new_one ... ok
test ui::local_link::claims_tests::a_taken_over_local_workspace_refuses_input ... ok
test ui::local_link::claims_tests::opening_a_workspace_on_purpose_takes_it_over ... ok
test ui::local_link::claims_tests::take_back_reclaims_and_a_refusal_puts_the_takeover_back ... ok
test ui::local_link::schedule_tests::a_later_attempt_with_nothing_scheduled_gets_scheduled ... ok
test ui::local_link::schedule_tests::a_scheduled_attempt_in_the_future_waits ... ok
test ui::local_link::schedule_tests::a_scheduled_attempt_that_has_come_due_fires ... ok
test ui::local_link::schedule_tests::the_very_first_attempt_goes_out_immediately ... ok
test ui::local_link::schedule_tests::ticking_repeatedly_does_not_move_a_pending_deadline ... ok
test ui::lsp::client::tests::a_closed_pipe_fails_waiting_requests_and_says_the_server_exited ... ok
test ui::lsp::client::tests::a_request_after_the_server_exited_fails_at_once ... ok
test ui::lsp::client::tests::answers_find_their_way_back_to_the_request_that_asked ... ok
test ui::lsp::client::tests::dropping_an_unanswered_request_cancels_it ... ok
test ui::lsp::client::tests::nothing_but_initialize_reaches_the_server_until_the_gate_opens ... ok
test ui::lsp::client::tests::server_requests_and_notifications_arrive_as_events_and_can_be_answered ... ok
test ui::lsp::convert::tests::columns_count_utf16_units_by_default ... ok
test ui::lsp::convert::tests::diagnostics_move_to_editor_columns_and_are_counted ... ok
test ui::lsp::convert::tests::editor_edits_convert_each_range_against_the_original_text ... ok
test ui::lsp::convert::tests::edits_apply_back_to_front_and_same_place_inserts_keep_their_order ... ok
test ui::lsp::convert::tests::edits_on_a_file_count_utf16_columns_and_ignore_crlf ... ok
test ui::lsp::convert::tests::rope_offsets_and_server_positions_round_trip ... ok
test ui::lsp::convert::tests::snippets_become_their_default_text ... ok
test ui::lsp::convert::tests::utf8_and_utf32_count_bytes_and_chars ... ok
test ui::lsp::locations::tests::a_row_names_its_file_relative_to_the_project ... ok
test ui::lsp::locations::tests::places_are_measured_against_open_buffers_and_the_disk ... ok
test ui::lsp::locations::tests::workspace_symbols_become_rows_naming_where_they_live ... ok
test ui::lsp::providers::tests::a_snippet_completion_arrives_as_plain_text_in_editor_columns ... ok
test ui::lsp::providers::tests::language_strings_in_a_hover_become_fenced_code ... ok
test ui::lsp::providers::tests::resolving_adds_imports_in_editor_columns_and_keeps_the_edit ... ok
test ui::lsp::rpc::tests::a_header_without_a_length_is_skipped ... ok
test ui::lsp::rpc::tests::a_message_round_trips_through_the_framing ... ok
test ui::lsp::rpc::tests::extra_headers_and_odd_case_are_accepted ... ok
test ui::lsp::rpc::tests::frames_split_at_every_byte_still_come_out_whole ... ok
test ui::lsp::rpc::tests::messages_are_sorted_by_what_they_ask ... ok
test ui::lsp::rpc::tests::the_length_counts_bytes_not_characters ... ok
test ui::lsp::rpc::tests::two_frames_in_one_read_both_come_out ... ok
test ui::lsp::servers::tests::a_crate_outside_any_workspace_is_its_own_root ... ok
test ui::lsp::servers::tests::a_go_work_above_the_module_wins ... ok
test ui::lsp::servers::tests::a_member_crate_opens_as_its_cargo_workspace ... ok
test ui::lsp::servers::tests::configuration_answers_by_section_and_never_with_null ... ok
test ui::lsp::servers::tests::every_language_has_at_most_one_server ... ok
test ui::lsp::servers::tests::home_is_never_a_root_even_with_a_dotfiles_repository ... ok
test ui::lsp::servers::tests::language_ids_distinguish_jsx_and_tsx ... ok
test ui::lsp::servers::tests::the_first_command_found_on_path_is_used ... ok
test ui::lsp::servers::tests::the_nearest_package_json_wins_for_typescript ... ok
test ui::lsp::servers::tests::without_markers_the_repository_and_then_the_folder_are_used ... ok
test ui::lsp::signature::tests::the_active_parameter_is_bold_and_markdown_is_escaped ... ok
test ui::lsp::symbols::tests::a_flat_answer_is_nested_by_range ... ok
test ui::lsp::symbols::tests::a_nested_answer_keeps_its_shape_in_editor_columns ... ok
test ui::lsp::client::tests::a_request_nobody_answers_times_out_and_is_cancelled ... ok
test ui::lsp::tests::a_rename_across_a_file_applies_every_occurrence ... ok
test ui::lsp::tests::a_buffer_that_does_not_own_the_document_never_syncs ... ok
test ui::lsp::tests::a_workspace_edit_is_grouped_by_file_from_either_shape ... ok
test ui::lsp::tests::an_edit_is_stale_when_a_file_it_touches_changed_opened_or_closed ... ok
test ui::lsp::tests::file_uris_round_trip_including_spaces_and_non_ascii ... ok
test ui::lsp::tests::lsp_smoke_a_real_server_publishes_diagnostics_and_shuts_down ... ignored, needs clangd on PATH
test ui::lsp::tests::turning_lsp_back_on_offers_every_window_again ... ok
test ui::machine_mirror::tests::a_delta_about_a_tab_the_mirror_never_saw_asks_for_a_repull ... ok
test ui::machine_mirror::tests::a_label_group_is_not_a_subject_path ... ok
test ui::machine_mirror::tests::a_named_workspace_reads_the_same_before_and_after_a_full_pull ... ok
test ui::machine_mirror::tests::a_pinned_folder_outranks_the_repo_majority ... ok
test ui::machine_mirror::tests::a_pull_already_on_its_way_lands_under_what_the_window_pushed ... ok
test ui::machine_mirror::tests::a_remembered_close_moves_onto_the_mirrors_list_and_a_reopen_takes_it_off ... ok
test ui::machine_mirror::tests::a_seed_fills_only_the_records_the_mirror_lacks ... ok
test ui::machine_mirror::tests::a_seeded_pane_reads_the_same_before_and_after_a_full_pull ... ok
test ui::machine_mirror::tests::a_tab_created_delta_that_straddled_a_pull_lands_once ... ok
test ui::machine_mirror::tests::a_workspace_created_delta_lands_whole_and_a_deleted_one_removes_it ... ok
test ui::machine_mirror::tests::a_workspace_the_store_never_saw_is_still_listed_and_still_readable ... ok
test ui::machine_mirror::tests::an_unpulled_machine_falls_back_to_the_stamped_label ... ok
test ui::machine_mirror::tests::display_names_derive_from_the_tree_with_the_session_precedence ... ok
test ui::machine_mirror::tests::pane_facts_upsert_the_registry_even_for_a_pane_born_elsewhere ... ok
test ui::machine_mirror::tests::structural_deltas_advance_the_mirrored_tree ... ok
test ui::machine_mirror::tests::with_nothing_pinned_the_most_common_repo_names_the_workspace ... ok
test ui::notice::tests::nothing_up_means_no_anchor ... ok
test ui::notice::tests::one_notice_still_gets_the_anchor ... ok
test ui::notice::tests::two_notices_share_one_anchor ... ok
test ui::lsp::tests::a_workspace_edit_for_a_changed_buffer_is_not_applied ... ok
test ui::palette::tests::the_chord_opens_the_palette_from_the_side_panel_and_settings ... ok
test ui::pane::tests::a_band_takes_one_share_of_the_bands_the_axis_ends_up_with ... ok
test ui::pane::tests::a_drop_across_the_run_still_halves_the_pane_it_landed_on ... ok
test ui::pane::tests::a_graft_with_nowhere_to_go_hands_the_panes_back ... ok
test ui::pane::tests::a_grafted_tab_joins_a_row_as_one_of_its_columns ... ok
test ui::pane::tests::a_grafted_tab_splits_the_pane_it_landed_on ... ok
test ui::pane::tests::a_move_onto_a_missing_or_only_pane_changes_nothing ... ok
test ui::pane::tests::a_move_that_would_redraw_the_same_layout_is_refused ... ok
test ui::pane::tests::a_recorded_pane_the_layout_moved_on_from_falls_back_to_geometry ... ok
test ui::pane::tests::a_remembered_pane_further_off_never_steps_over_the_one_between ... ok
test ui::pane::tests::a_tab_grafted_at_an_edge_is_a_band_beside_everything ... ok
test ui::pane::tests::a_walk_of_two_steps_comes_back_to_the_pane_it_started_from ... ok
test ui::pane::tests::a_zoom_is_only_worth_marking_while_it_covers_something ... ok
test ui::pane::tests::an_edge_move_that_changes_nothing_is_refused ... ok
test ui::pane::tests::close_removes_only_first_match_in_traversal_order ... ok
test ui::pane::tests::close_reports_not_found_and_leaves_tree_untouched ... ok
test ui::pane::tests::closing_a_leaf_promotes_entire_sibling_subtree ... ok
test ui::pane::tests::closing_down_to_the_last_pane_hits_remove_self_boundary ... ok
test ui::pane::tests::closing_first_child_promotes_second_child_to_root ... ok
test ui::pane::tests::closing_nested_leaf_collapses_only_its_parent_split ... ok
test ui::pane::tests::closing_second_child_promotes_first_child_to_root ... ok
test ui::pane::tests::closing_the_root_leaf_defers_removal_to_the_caller ... ok
test ui::pane::tests::deep_split_close_sequence_preserves_invariants_and_leaf_order ... ok
test ui::pane::tests::empty_placeholder_ignores_all_operations ... ok
test ui::pane::tests::joining_a_row_takes_an_equal_share_of_it_instead_of_halving_a_neighbour ... ok
test ui::pane::tests::joining_a_row_takes_its_share_off_the_others_in_proportion ... ok
test ui::pane::tests::leaf_matching_or_first_prefers_the_match_then_falls_back_to_first ... ok
test ui::pane::tests::leaf_rects_come_back_in_the_order_the_leaves_do ... ok
test ui::pane::tests::leaf_rects_tile_the_unit_square_with_nested_ratios ... ok
test ui::pane::tests::leaves_and_first_leaf_follow_depth_first_a_before_b_order ... ok
test ui::pane::tests::moving_a_pane_before_the_destination_puts_it_first ... ok
test ui::pane::tests::moving_a_pane_splits_the_destination_on_the_named_side ... ok
test ui::pane::tests::moving_to_an_edge_makes_a_band_beside_everything_else ... ok
test ui::pane::tests::neighbor_in_direction_finds_the_adjacent_pane ... ok
test ui::pane::tests::neighbor_in_direction_prefers_the_largest_overlap ... ok
test ui::pane::tests::resize_grows_the_focused_pane_from_either_side ... ok
test ui::pane::tests::resize_targets_the_nearest_matching_axis_ancestor ... ok
test ui::pane::tests::resize_without_a_matching_axis_is_a_noop ... ok
test ui::pane::tests::reversing_a_move_at_a_t_junction_returns_to_where_it_started ... ok
test ui::pane::tests::split_leaf_before_puts_the_new_pane_first ... ok
test ui::pane::tests::split_leaf_replaces_target_with_split_keeping_original_first ... ok
test ui::pane::tests::split_leaf_reports_missing_target_without_changing_tree ... ok
test ui::pane::tests::split_leaf_splits_only_the_matching_leaf ... ok
test ui::pane::tests::split_node_clamps_restored_ratio_into_legal_band ... ok
test ui::pane::tests::swap_leaf_indices_trades_payloads_in_place ... ok
test ui::pane::tests::swapping_two_leaves_trades_their_places_by_identity ... ok
test ui::pane::tests::the_band_a_move_lands_is_the_share_it_advertised ... ok
test ui::pane_drag::tests::a_band_is_a_share_of_its_pane_with_a_floor_under_it ... ok
test ui::pane_drag::tests::a_grafted_tab_lands_on_the_patch_its_panes_fill_between_them ... ok
test ui::pane_drag::tests::a_landing_is_where_the_pane_actually_ends_up ... ok
test ui::pane_drag::tests::a_landing_leaves_the_layout_it_was_measured_on_alone ... ok
test ui::pane_drag::tests::a_pane_carried_to_the_strip_lands_in_the_gap_it_is_nearest ... ok
test ui::pane_drag::tests::a_pointer_off_the_tab_asks_for_nothing ... ok
test ui::pane_drag::tests::a_pointer_on_a_shared_border_belongs_to_exactly_one_pane ... ok
test ui::pane_drag::tests::a_sidebar_reads_the_same_way_down_its_rows ... ok
test ui::pane_drag::tests::a_tab_has_nothing_to_trade_places_with_so_the_middle_splits ... ok
test ui::pane_drag::tests::leaf_bounds_lay_the_unit_square_over_the_pane_area ... ok
test ui::pane_drag::tests::the_caret_stands_in_the_gap_and_is_as_tall_as_the_tabs ... ok
test ui::pane_drag::tests::the_far_part_of_a_side_facing_the_window_asks_for_a_band ... ok
test ui::pane_drag::tests::the_middle_of_a_pane_asks_to_trade_places ... ok
test ui::pane_drag::tests::the_ring_around_a_pane_names_the_side_to_split_off ... ok
test ui::palette::tests::keys_while_the_palette_is_open_do_not_reach_the_workspace ... ok
test ui::panel_github::gpui_tests::the_branchs_pull_request_is_pinned_and_its_running_checks_polled ... ok
test ui::panel_github::tests::a_404_is_explained_by_whether_the_request_was_signed_in ... ok
test ui::panel_github::tests::a_signed_out_rate_limit_says_when_and_how_to_raise_it ... ok
test ui::panel_github::tests::every_error_has_something_to_say ... ok
test ui::panel_github::gpui_tests::the_tab_lists_and_opens_an_issue_without_touching_the_network ... ok
test ui::panel_search::gpui_tests::a_query_lands_as_hits_grouped_by_file ... ok
test ui::file_tree::render_idle_gpui_tests::a_closed_panel_does_no_filesystem_work ... ok
test ui::panel_search::model::tests::a_landed_search_keeps_its_truncation ... ok
test ui::panel_search::model::tests::a_refresh_outranks_the_search_it_repeats ... ok
test ui::panel_search::model::tests::a_stale_answer_never_lands ... ok
test ui::panel_search::model::tests::a_windows_peers_paths_split_on_backslashes ... ok
test ui::panel_search::model::tests::an_answer_after_clearing_does_not_bring_results_back ... ok
test ui::panel_search::model::tests::errors_are_sorted_into_what_the_panel_can_say ... ok
test ui::panel_search::model::tests::hits_group_by_file_in_the_order_first_met ... ok
test ui::panel_search::model::tests::nothing_to_search_clears_what_was_shown ... ok
test ui::panel_search::model::tests::relative_paths_come_from_the_innermost_root ... ok
test ui::panel_search::model::tests::several_roots_keep_their_names ... ok
test ui::panel_search::model::tests::the_same_search_is_not_started_twice ... ok
test ui::path_display::tests::a_non_ascii_component_is_sliced_on_a_character_boundary ... ok
test ui::path_display::tests::a_path_under_home_shortens_to_tilde ... ok
test ui::path_display::tests::a_path_with_no_home_to_measure_against_is_left_alone ... ok
test ui::path_display::tests::native_separators_is_a_no_op_off_windows ... ok
test ui::path_display::tests::native_separators_passes_through_a_path_with_nothing_to_fix ... ok
test ui::path_display::tests::separators_and_case_do_not_change_what_counts_as_home ... ok
test ui::path_display::tests::the_head_and_leaf_rejoin_into_the_path_they_came_from ... ok
test ui::path_display::tests::the_leaf_is_the_segment_that_names_the_directory ... ok
test ui::path_display::tests::the_leaf_survives_windows_and_mixed_spellings ... ok
test ui::pending_pane::tests::only_a_pane_standing_in_for_a_running_one_retries_by_itself ... ok
test ui::perf::tests::the_line_names_the_callsite_and_reads_as_calls_and_build_time ... ok
test ui::presets::tests::a_divider_is_lighter_than_a_border_in_every_theme ... ok
test ui::presets::tests::a_low_contrast_theme_gets_a_gentler_wash_than_a_high_contrast_one ... ok
test ui::presets::tests::a_match_wash_is_visible_on_a_white_theme_and_a_black_one ... ok
test ui::presets::tests::a_match_wash_leaves_the_glyph_painted_on_top_of_it_readable ... ok
test ui::presets::tests::a_wash_whose_tint_cannot_reach_the_target_still_lands_on_something_legible ... ok
test ui::presets::tests::accents_are_conditioned_to_carry_ink ... ok
test ui::presets::tests::adjacent_lanes_are_never_the_same_colour ... ok
test ui::presets::tests::bright_slots_clear_the_text_floor_on_their_background ... ok
test ui::presets::tests::captions_are_readable_on_every_surface_they_are_used_on ... ok
test ui::presets::tests::carets_stay_visible_on_the_background ... ok
test ui::presets::tests::contrast_bisection_hits_its_target ... ok
test ui::presets::tests::dark_bright_black_is_lifted_past_the_floor ... ok
test ui::presets::tests::dark_is_inferred_from_background ... ok
test ui::presets::tests::dracula_selection_matches_the_signed_off_greys ... ok
test ui::presets::tests::foreground_is_legible_on_background ... ok
test ui::presets::tests::hairlines_are_worth_the_same_in_every_theme ... ok
test ui::presets::tests::id_and_name_titlecases_the_stem ... ok
test ui::presets::tests::interaction_roles_have_readable_labels_in_all_states ... ok
test ui::presets::tests::iterm_theme_accepts_integer_components_and_no_alpha ... ok
test ui::presets::tests::label_channel_is_readable_and_stepped ... ok
test ui::presets::tests::lane_colours_are_deterministic ... ok
test ui::presets::tests::lane_colours_clear_the_floor_on_every_surface ... ok
test ui::presets::tests::legible_bright_slots_keep_their_authored_values ... ok
test ui::presets::tests::legible_foreground_rescues_unreadable_text ... ok
test ui::presets::tests::mix_blends_channels ... ok
test ui::presets::tests::palette_renders_as_authored_when_legibility_is_off ... ok
test ui::presets::tests::panel_state_ladder_is_separable_in_every_theme ... ok
test ui::presets::tests::parse_hex_accepts_optional_hash_and_rejects_junk ... ok
test ui::presets::tests::resting_labels_stay_readable ... ok
test ui::presets::tests::resting_semantic_ink_keeps_the_text_floor ... ok
test ui::presets::tests::selected_label_is_stepped_off_the_resting_one ... ok
test ui::presets::tests::selection_surface_stays_on_the_background_side ... ok
test ui::presets::tests::semantic_colors_clear_their_floors ... ok
test ui::presets::tests::semantic_conditioning_survives_a_midtone_background ... ok
test ui::presets::tests::semantic_roles_are_independent_of_terminal_ansi ... ok
test ui::presets::tests::sidebar_text_reads_on_the_fill_it_is_painted_on ... ok
test ui::presets::tests::sidebar_title_is_stepped_off_its_caption ... ok
test ui::presets::tests::state_ladder_is_separable_on_every_surface ... ok
test ui::presets::tests::state_ladder_is_theme_independent ... ok
test ui::presets::tests::switch_tracks_and_knob_stay_legible ... ok
test ui::presets::tests::the_current_tab_row_stays_legible_in_every_builtin_theme ... ok
test ui::presets::tests::the_lane_seed_order_keeps_red_and_green_apart ... ok
test ui::presets::tests::the_rail_is_tinted_and_the_right_panel_is_not ... ok
test ui::presets::tests::theme_names_stay_english_under_a_translated_gui ... ok
test ui::presets::tests::to_yaml_round_trips_window_and_image_fields ... ok
test ui::presets::tests::yaml_gradient_background_parses ... ok
test ui::presets::tests::yaml_theme_parses_normal_then_bright ... ok
test ui::proc_usage::tests::cpu_cells_read_blank_dash_or_percent ... ok
test ui::proc_usage::tests::cpu_percent_is_ps_style ... ok
test ui::proc_usage::tests::no_percent_without_a_fair_comparison ... ok
test ui::proc_usage::tests::totals_sum_what_was_reported ... ok
test ui::prompt::tests::a_lone_ok_answers_escape_too ... ok
test ui::prompt::tests::cancel_first_marks_the_other_answer_as_the_dangerous_one ... ok
test ui::prompt::tests::discard_stands_apart_from_save_and_cancel ... ok
test ui::prompt::tests::escape_does_nothing_without_a_cancel_answer ... ok
test ui::prompt::tests::return_confirms_and_escape_takes_the_cancel_answer ... ok
test ui::prompt::tests::the_action_is_filled_and_the_safe_answer_stays_quiet ... ok
test ui::prompt::tests::the_quit_prompt_is_drawn_by_the_app_not_the_platform ... ok
test ui::remote_connect::tests::a_dialect_refusal_is_restated_as_which_side_is_behind ... ok
test ui::remote_connect::tests::a_distro_is_found_by_name_or_by_wsl ... ok
test ui::remote_connect::tests::a_failed_probe_keeps_the_distros_it_already_had ... ok
test ui::remote_connect::tests::a_mismatch_record_resolves_back_to_the_machine_it_is_about ... ok
test ui::remote_connect::tests::a_pane_and_its_workspace_resolve_to_the_same_machine ... ok
test ui::remote_connect::tests::a_query_matches_the_name_or_the_endpoint ... ok
test ui::remote_connect::tests::a_query_nothing_matches_returns_nothing ... ok
test ui::remote_connect::tests::a_routed_auth_prompt_carries_the_machine_that_raised_it ... ok
test ui::remote_connect::tests::a_routed_prompt_is_live_while_its_asker_waits ... ok
test ui::remote_connect::tests::a_routed_prompt_reads_abandoned_once_its_asker_gives_up ... ok
test ui::remote_connect::tests::a_wsl_row_names_the_distro_verbatim ... ok
test ui::remote_connect::tests::an_answered_probe_replaces_the_list_even_when_it_is_empty ... ok
test ui::remote_connect::tests::an_empty_query_keeps_every_machine_in_order ... ok
test ui::remote_connect::tests::an_unanswered_install_request_declines ... ok
test ui::remote_connect::tests::an_unresolvable_profile_is_named_never_spelled_as_its_uuid ... ok
test ui::remote_connect::tests::answering_an_install_request_delivers_the_decision ... ok
test ui::remote_connect::tests::endpoint_labels_hide_the_default_port ... ok
test ui::remote_connect::tests::every_other_failure_is_shown_as_it_came ... ok
test ui::remote_connect::tests::human_bytes_reads_in_binary_units ... ok
test ui::remote_connect::tests::no_distros_is_no_rows ... ok
test ui::remote_connect::tests::rows_from_the_tree_sort_newest_first_and_derive_names ... ok
test ui::remote_connect::tests::the_gui_handler_parks_the_request_for_the_ui_to_answer ... ok
test ui::remote_connect::tests::the_install_prompt_states_every_field_of_the_request ... ok
test ui::remote_connect::tests::the_mismatch_detail_explains_every_answer_the_prompt_offers ... ok
test ui::remote_connect::tests::the_mismatch_prompt_names_the_host_and_both_versions ... ok
test ui::remote_connect::tests::two_machines_do_not_share_one_route_origin_key ... ok
test ui::remote_workspace::tests::a_connect_that_gave_up_leaves_the_queue ... ok
test ui::remote_workspace::tests::a_create_refused_for_dialect_runs_once_the_machine_connects ... ok
test ui::panel_search::gpui_tests::a_settled_search_panel_reaches_render_idle ... ok
test ui::panel_search::gpui_tests::opening_the_tab_puts_the_cursor_in_the_field ... ok
test ui::remote_workspace::tests::a_disconnect_ends_when_the_last_window_on_that_machine_closes ... ok
test ui::remote_workspace::tests::a_failure_on_one_machine_does_not_speak_for_another ... ok
test ui::remote_workspace::tests::a_finished_attempt_retires_the_install_it_was_running ... ok
test ui::remote_workspace::tests::a_hand_run_connect_refused_on_the_dialect_gets_the_same_answer ... ok
test ui::remote_workspace::tests::a_live_link_outranks_this_windows_memory_of_a_failed_connect ... ok
test ui::remote_workspace::tests::a_pane_retry_backs_off_on_misses_and_retires_on_success ... ok
test ui::remote_workspace::tests::a_park_that_is_still_true_goes_straight_back_on_the_slow_clock ... ok
test ui::file_tree::render_idle_gpui_tests::a_decorated_tree_settles_and_then_reaches_render_idle ... ok
test ui::remote_workspace::tests::a_plain_reconnect_is_not_marked_for_a_rebuild ... ok
test ui::remote_workspace::tests::a_reclaim_that_lands_leaves_nothing_behind ... ok
test ui::remote_workspace::tests::a_reconnect_says_what_went_wrong_last_time ... ok
test ui::remote_workspace::tests::a_restart_retires_the_mismatch_note_it_answers ... ok
test ui::remote_workspace::tests::a_route_that_no_longer_resolves_parks_the_workspace ... ok
test ui::remote_workspace::tests::a_server_of_another_dialect_is_named_rather_than_quoted ... ok
test ui::remote_workspace::tests::a_server_replacement_connects_back_for_the_parked_create ... ok
test ui::remote_workspace::tests::a_stopped_supervisor_restarts_when_a_remote_workspace_comes_back ... ok
test ui::remote_workspace::tests::a_success_resets_the_schedule ... ok
test ui::remote_workspace::tests::a_take_back_is_sent_once_and_undone_when_it_is_refused ... ok
test ui::remote_workspace::tests::a_workspace_never_attached_on_this_link_is_due ... ok
test ui::remote_workspace::tests::disconnecting_rests_at_not_connected_and_connect_undoes_it ... ok
test ui::remote_workspace::tests::every_flow_state_names_its_machine ... ok
test ui::remote_workspace::tests::every_state_says_what_it_means_for_the_keyboard ... ok
test ui::remote_workspace::tests::input_is_gated_on_being_attached ... ok
test ui::remote_workspace::tests::instances_are_per_machine ... ok
test ui::remote_workspace::tests::only_one_machine_may_raise_a_sheet_at_a_time ... ok
test ui::remote_workspace::tests::scheduling_a_try_is_not_a_failed_attempt ... ok
test ui::remote_workspace::tests::taking_back_marks_the_workspace_for_a_whole_rebuild ... ok
test ui::remote_workspace::tests::the_backoff_doubles_to_thirty_seconds_and_stays_there ... ok
test ui::remote_workspace::tests::the_backoff_survives_absurd_attempt_counts ... ok
test ui::remote_workspace::tests::the_button_calls_a_downgrade_a_downgrade ... ok
test ui::remote_workspace::tests::the_holder_may_ask_again_without_deadlocking ... ok
test ui::remote_workspace::tests::the_new_states_name_what_happened ... ok
test ui::remote_workspace::tests::the_pump_drops_a_prompt_its_attempt_gave_up_on ... ok
test ui::remote_workspace::tests::the_status_strip_speaks_unless_everything_is_working ... ok
test ui::remote_workspace::tests::two_windows_on_one_machine_share_a_place_in_the_queue ... ok
test ui::reorder::tests::a_drag_with_no_auto_group_never_pins ... ok
test ui::reorder::tests::a_drag_with_no_tab_never_lands_in_a_group ... ok
test ui::reorder::tests::a_hidden_slot_keeps_the_side_of_the_dragged_chip_it_started_on ... ok
test ui::reorder::tests::a_landing_names_the_surface_its_order_is_for ... ok
test ui::reorder::tests::a_pin_lasts_only_as_long_as_the_header_is_above_the_divider ... ok
test ui::reorder::tests::a_regroup_lasts_only_as_long_as_the_pointer_is_over_the_group ... ok
test ui::reorder::tests::a_strip_with_nothing_measured_yet_does_not_panic ... ok
test ui::reorder::tests::an_unmeasured_slot_does_not_invert_the_held_clamp ... ok
test ui::reorder::tests::begin_frame_bumps_the_generation_only_on_change ... ok
test ui::reorder::tests::flip_offset_animates_only_the_slot_just_crossed ... ok
test ui::reorder::tests::held_offset_tracks_the_pointer_across_a_crossing ... ok
test ui::reorder::tests::horizontal_lists_measure_along_x ... ok
test ui::reorder::tests::order_lifts_the_dragged_slot_into_the_target ... ok
test ui::reorder::tests::pending_only_survives_the_frame_that_recorded_it ... ok
test ui::reorder::tests::target_follows_the_pointer_across_neighbours ... ok
test ui::reorder::tests::unequal_sizes_swap_in_both_directions ... ok
test ui::review_state::tests::branch_parse_drops_head_pointers_and_dupes ... ok
test ui::review_state::tests::draft_comment_can_be_updated ... ok
test ui::review_state::tests::drafts_are_scoped_by_source ... ok
test ui::review_state::tests::pair_validation_rejects_empty_same_and_option_like ... ok
test ui::review_state::tests::resolve_prefers_stored_then_upstream_then_defaults ... ok
test ui::review_state::tests::sends_keep_only_the_latest_twenty ... ok
test ui::right_panel::tests::a_port_row_claims_only_the_forward_that_reaches_it ... ok
test ui::right_panel::tests::a_round_trip_is_read_at_the_precision_it_is_worth ... ok
test ui::right_panel::tests::a_row_lights_up_only_when_there_is_something_behind_it ... ok
test ui::right_panel::tests::a_switched_off_forward_is_not_the_way_to_a_port ... ok
test ui::right_panel::tests::copyable_takes_the_text_the_row_shows_and_nothing_else ... ok
test ui::right_panel::tests::counts_are_a_button_only_when_there_is_a_diff_to_open ... ok
test ui::right_panel::tests::id_rows_carry_raw_values_as_copy_payloads ... ok
test ui::right_panel::tests::ordinal_counts_workspaces_then_tabs_in_stored_order ... ok
test ui::right_panel::tests::ordinal_missing_from_mirror_means_no_copy_payload ... ok
test ui::rounding::tests::a_lone_segment_takes_every_corner ... ok
test ui::rounding::tests::an_empty_track_has_no_end_caps ... ok
test ui::rounding::tests::end_segments_cap_the_track_and_the_middle_stays_square ... ok
test ui::rounding::tests::inner_radius_insets_by_the_border ... ok
test ui::rounding::tests::inner_radius_never_goes_negative ... ok
test ui::scm::actions::tests::an_upstream_splits_on_its_first_slash_only ... ok
test ui::scm::actions::tests::discard_all_sends_only_unstaged_paths_to_checkout ... ok
test ui::scm::detail::detail_gpui_tests::a_commit_detail_reads_its_own_files_and_draws_them ... ok
test ui::scm::detail::detail_gpui_tests::a_detail_from_another_repository_gives_the_body_back ... ok
test ui::file_tree::render_idle_gpui_tests::a_gitignore_in_the_displayed_tree_still_refreshes ... ok
test ui::scm::detail::detail_gpui_tests::a_seeded_detail_only_asks_for_the_files ... ok
test ui::scm::detail::detail_gpui_tests::the_fold_shortens_the_body_and_the_second_click_puts_it_back ... ok
test ui::scm::detail::tests::a_commit_with_nothing_countable_gets_no_counts_rather_than_zeroes ... ok
test ui::scm::detail::tests::a_short_oid_is_the_seven_characters_git_itself_prints ... ok
test ui::scm::detail::tests::a_total_past_what_a_u32_holds_saturates_instead_of_panicking ... ok
test ui::scm::detail::tests::an_uncountable_file_drops_out_of_a_sum_that_still_has_something_in_it ... ok
test ui::scm::detail::tests::the_byline_drops_the_separator_along_with_the_half_it_joined ... ok
test ui::scm::detail::tests::the_summary_adds_up_every_file_git_could_count ... ok
test ui::scm::detail::detail_gpui_tests::following_a_parent_swaps_the_commit_and_going_back_clears_it ... ok
test ui::scm::graph::tests::a_band_keeps_one_segment_per_column ... ok
test ui::scm::graph::tests::a_chinese_subject_survives_the_split_intact ... ok
test ui::scm::graph::tests::a_replaced_page_does_not_inherit_the_old_rows ... ok
test ui::scm::graph::tests::a_wide_page_only_neutralises_the_column_that_is_shared ... ok
test ui::scm::graph::tests::closing_the_filter_takes_its_query_with_it ... ok
test ui::scm::graph::tests::conventional_prefixes_come_off_and_prose_does_not ... ok
test ui::scm::graph::tests::everything_past_the_cap_lands_in_the_overflow_column ... ok
test ui::scm::graph::tests::folding_the_history_section_survives_a_restart ... ok
test ui::scm::graph::tests::lane_centres_rise_and_land_on_device_pixels ... ok
test ui::scm::graph::tests::lanes_inside_the_cap_keep_their_own_column ... ok
test ui::scm::graph::tests::load_more_growth_stops_at_the_cap ... ok
test ui::scm::graph::tests::nodes_fit_inside_their_row_and_column ... ok
test ui::scm::graph::tests::only_a_breaking_prefix_gets_a_colour ... ok
test ui::scm::graph::tests::opening_a_row_hands_that_commit_to_the_detail_view ... ok
test ui::scm::graph::tests::switching_repositories_drops_the_previous_page ... ok
test ui::scm::graph::tests::switching_scope_resets_the_page_and_its_size ... ok
test ui::scm::graph::tests::the_filter_matches_what_a_row_can_show ... ok
test ui::scm::graph::tests::the_gutter_narrows_with_the_panel ... ok
test ui::scm::graph::tests::the_scope_button_says_which_history_is_showing ... ok
test ui::scm::graph::tests::the_section_is_sized_in_commits ... ok
test ui::scm::panel::action_strip_gpui_tests::a_click_on_the_strip_never_reaches_the_row ... ok
test ui::scm::panel::action_strip_gpui_tests::the_strip_survives_the_pointer_reaching_it ... ok
test ui::file_tree::render_idle_gpui_tests::a_gitignore_that_governs_nothing_cached_costs_no_frames ... ok
test ui::file_tree::render_idle_gpui_tests::a_moved_repository_root_still_gets_its_frame ... ok
test ui::scm::panel::render_idle_gpui_tests::a_directory_with_no_repository_reaches_render_idle ... ok
test ui::scm::panel::tests::a_branch_level_with_its_upstream_says_nothing ... ok
test ui::scm::panel::tests::a_commit_draft_follows_its_repository ... ok
test ui::scm::panel::tests::a_detached_head_shows_the_sha_git_would_print ... ok
test ui::scm::panel::tests::a_file_staged_and_edited_again_lands_in_both_groups ... ok
test ui::scm::panel::tests::a_folded_group_stays_folded_across_rerenders ... ok
test ui::scm::panel::tests::a_group_action_leaves_out_the_paths_git_cannot_be_told_about ... ok
test ui::scm::panel::tests::a_group_header_offers_no_button_that_only_makes_sense_for_one_file ... ok
test ui::scm::panel::tests::a_head_without_a_pushable_branch_says_why ... ok
test ui::scm::panel::tests::a_merge_prefills_the_box_with_gits_own_message ... ok
test ui::scm::panel::tests::a_rejected_commit_keeps_the_message_it_was_given ... ok
test ui::scm::panel::tests::a_row_wears_the_letter_of_the_half_its_group_is_about ... ok
test ui::scm::panel::tests::commit_action_is_scoped_to_the_message_box ... ok
test ui::scm::panel::tests::each_other_kind_of_entry_lands_in_exactly_one_group ... ok
test ui::scm::panel::tests::every_button_a_row_offers_maps_to_the_verb_it_is_named_for ... ok
test ui::scm::panel::tests::every_parked_operation_has_something_to_say ... ok
test ui::scm::panel::tests::everything_that_can_lose_work_says_so_before_it_runs ... ok
test ui::scm::panel::tests::only_a_commit_with_an_empty_index_sweeps_the_working_tree ... ok
test ui::scm::panel::tests::only_a_long_untracked_list_starts_folded ... ok
test ui::scm::panel::tests::scm_tab_opens_and_config_round_trips ... ok
test ui::scm::panel::tests::staged_rows_open_the_cached_diff_and_the_rest_the_working_tree ... ok
test ui::scm::panel::tests::the_commit_button_says_what_pressing_it_would_actually_do ... ok
test ui::scm::panel::tests::the_group_chevron_stands_in_the_status_letters_column ... ok
test ui::scm::panel::tests::the_new_config_fields_default_to_todays_behaviour ... ok
test ui::scm::panel::tests::the_panels_type_is_named_rather_than_numbered ... ok
test ui::scm::path::tests::elide_middle_handles_degenerate_budgets ... ok
test ui::scm::path::tests::elide_middle_keeps_both_ends_and_respects_the_budget ... ok
test ui::scm::path::tests::elide_middle_leaves_short_strings_borrowed ... ok
test ui::scm::path::tests::elide_middle_never_cuts_a_multibyte_char_in_half ... ok
test ui::scm::path::tests::elide_middle_spends_exactly_one_char_on_the_ellipsis ... ok
test ui::scm::path::tests::relative_time_clamps_commits_from_the_future ... ok
test ui::scm::path::tests::relative_time_covers_every_bucket ... ok
test ui::scm::path::tests::relative_time_speaks_the_ui_language ... ok
test ui::scm::path::tests::split_display_path_ignores_a_trailing_slash ... ok
test ui::scm::path::tests::split_display_path_separates_the_name_from_its_directory ... ok
test ui::scm::state::tests::an_explicit_repo_pick_outranks_the_active_pane ... ok
test ui::scm::state::tests::drafts_are_keyed_by_repository_not_by_path_alone ... ok
test ui::scm::status::tests::every_status_has_its_own_letter ... ok
test ui::scm::status::tests::rank_agrees_with_the_enums_own_ordering ... ok
test ui::scm::status::tests::rank_orders_conflict_above_everything_and_ignored_below ... ok
test ui::scm::tree::tests::a_blank_filter_is_no_filter ... ok
test ui::scm::tree::tests::a_directory_holding_only_a_directory_is_compacted ... ok
test ui::scm::tree::tests::a_directory_with_two_children_is_not_compacted ... ok
test ui::scm::tree::tests::a_folded_directory_keeps_its_row_and_its_count ... ok
test ui::scm::tree::tests::an_empty_list_is_an_empty_tree ... ok
test ui::scm::tree::tests::an_untracked_directory_is_a_leaf ... ok
test ui::scm::tree::tests::every_path_lands_in_exactly_one_file_row ... ok
test ui::scm::tree::tests::files_are_grouped_under_their_directories ... ok
test ui::scm::tree::tests::folding_is_asked_about_the_compacted_path ... ok
test ui::scm::tree::tests::the_filter_needs_every_word_in_any_order_and_any_case ... ok
test ui::scm::tree::tests::the_filter_reads_non_ascii_paths ... ok
test ui::search::command::gpui_tests::every_action_has_a_stable_id ... ok
test ui::search::command::gpui_tests::the_git_group_is_its_own_section ... ok
test ui::search::command::gpui_tests::the_remote_update_is_offered_only_with_a_remote_server ... ok
test ui::search::command::tests::dynamic_commands_have_no_id ... ok
test ui::search::command::tests::stable_ids_are_unique ... ok
test ui::search::command::tests::the_theme_picker_opens_on_the_theme_in_use ... ok
test ui::search::files::tests::a_long_index_is_ranked_quickly_enough_to_type_into ... ok
test ui::search::files::tests::a_match_on_the_name_beats_the_same_letters_in_the_path ... ok
test ui::search::files::tests::a_path_query_finds_files_by_their_directories ... ok
test ui::search::files::tests::a_query_can_name_a_line_and_a_column ... ok
test ui::search::files::tests::a_windows_path_splits_on_its_own_separator ... ok
test ui::search::files::tests::an_exact_name_outranks_a_longer_one ... ok
test ui::search::files::tests::home_and_the_filesystem_root_are_not_projects ... ok
test ui::search::files::tests::nothing_that_is_not_a_subsequence_matches ... ok
test ui::search::files::tests::rows_split_into_a_name_and_the_directory_it_is_in ... ok
test ui::scm::graph::render_idle_gpui_tests::an_expanded_graph_with_history_reaches_render_idle ... ok
test ui::search::files::tests::two_roots_are_told_apart_by_name ... ok
test ui::search::score::tests::a_translated_command_is_still_found_by_its_english_name ... ok
test ui::search::score::tests::a_whole_word_is_found_past_an_earlier_stray_letter ... ok
test ui::search::score::tests::empty_query_matches_everything ... ok
test ui::search::score::tests::exact_and_prefix_beat_mid_string ... ok
test ui::search::score::tests::frecency_nudges_without_overruling_the_match ... ok
test ui::search::score::tests::letters_strewn_across_a_description_do_not_match_it ... ok
test ui::search::score::tests::non_subsequence_does_not_match ... ok
test ui::search::score::tests::subtitle_matches_are_found_but_discounted ... ok
test ui::search::score::tests::the_remote_files_panel_is_found_as_sftp ... ok
test ui::search::score::tests::word_initials_outrank_scattered_letters ... ok
test ui::search::sources::tests::a_bare_word_is_a_search_not_an_address ... ok
test ui::search::sources::tests::a_file_query_with_a_line_opens_on_that_line ... ok
test ui::search::sources::tests::a_session_named_like_a_command_does_not_take_return_from_it ... ok
test ui::search::sources::tests::actions_are_filed_under_their_group_whatever_order_they_came_in ... ok
test ui::search::sources::tests::an_address_offers_to_connect_and_to_save ... ok
test ui::search::sources::tests::an_address_that_does_not_parse_offers_nothing ... ok
test ui::search::sources::tests::an_ssh_command_line_offers_to_connect_with_it ... ok
test ui::search::sources::tests::files_are_only_on_their_own_tab ... ok
test ui::search::sources::tests::symbols_lists_the_file_then_the_project ... ok
test ui::search::sources::tests::the_all_tab_folds_a_long_answer_into_a_way_into_its_tab ... ok
test ui::search::sources::tests::the_all_tab_leads_with_the_tab_holding_the_best_match ... ok
test ui::search::sources::tests::the_empty_all_tab_leads_with_this_directorys_sessions ... ok
test ui::search::sources::tests::the_empty_all_tab_leads_with_this_windows_other_tabs ... ok
test ui::search::sources::tests::the_hosts_tab_puts_a_typed_address_before_any_saved_host ... ok
test ui::search::tests::files_is_reached_by_its_chord_not_by_the_row ... ok
test ui::search::tests::tab_steps_wrap_both_ways ... ok
test ui::remote_workspace::tests::a_declined_password_stops_the_reconnect_clock ... ok
test ui::search::files::tests::the_walk_indexes_the_repository_without_what_git_ignores ... ok
test ui::search::view::tests::a_file_list_that_lands_late_fills_the_tab ... ok
test ui::remote_workspace::tests::a_dialect_refusal_parks_the_link_instead_of_counting_attempts ... ok
test ui::search::view::tests::a_standalone_tab_keeps_its_list_on_tab ... ok
test ui::search::view::tests::a_past_session_opens_its_actions_and_can_be_removed ... ok
test ui::search::view::tests::add_connection_moves_to_an_empty_hosts_tab ... ok
test ui::search::view::tests::go_to_file_moves_to_an_empty_files_tab ... ok
test ui::remote_workspace::tests::a_parked_link_looks_again_when_the_slow_clock_runs_out ... ok
test ui::search::view::tests::quick_open_goes_to_the_files_tab_and_back_out ... ok
test ui::settings::gpui_tests::a_typed_password_is_something_the_form_has_to_save ... ok
test ui::search::view::tests::return_on_an_empty_search_goes_to_the_previous_tab ... ok
test ui::settings::gpui_tests::appearance_section_lays_out_with_its_rounded_controls ... ok
test ui::search::view::tests::tab_walks_the_tabs_and_keeps_what_was_typed ... ok
test ui::settings::gpui_tests::clearing_search_preserves_the_category_and_target_navigation_clears_search ... ok
test ui::settings::gpui_tests::enter_on_a_shortcut_search_result_opens_its_local_filter ... ok
test ui::settings::gpui_tests::external_ssh_navigation_resolves_the_current_form_once ... ok
test ui::settings::gpui_tests::failed_settings_writes_remain_visible_until_retry_succeeds ... ok
test ui::file_tree::render_idle_gpui_tests::a_real_change_still_reaches_the_panel ... ok
test ui::settings::gpui_tests::search_reuses_rows_and_reset_changes_only_the_selected_setting ... ok
test ui::settings::gpui_tests::the_prompt_editor_greys_its_dependants_without_rewriting_them ... ok
test ui::settings::tests::a_bare_proxy_host_takes_the_scheme_default_port ... ok
test ui::settings::tests::a_blank_port_still_means_22 ... ok
test ui::settings::tests::a_form_that_cannot_be_saved_still_reports_what_it_would_save ... ok
test ui::settings::tests::a_host_cannot_jump_through_itself ... ok
test ui::settings::tests::a_jump_host_that_exists_is_kept_by_id ... ok
test ui::settings::tests::a_mistyped_jump_host_says_which_name_it_could_not_find ... ok
test ui::settings::tests::a_name_is_not_required ... ok
test ui::settings::tests::a_picked_key_is_written_the_way_the_config_spells_it ... ok
test ui::settings::tests::a_port_that_is_not_a_port_is_refused ... ok
test ui::settings::tests::a_preset_row_highlights_only_the_bucket_the_value_actually_is ... ok
test ui::settings::tests::a_profile_with_no_host_is_not_saveable ... ok
test ui::settings::tests::a_proxy_address_with_a_colon_and_no_port_is_refused ... ok
test ui::settings::tests::a_query_that_matches_nothing_is_distinguishable_from_one_that_does ... ok
test ui::settings::tests::a_row_is_marked_by_its_label_or_by_the_keywords_behind_it ... ok
test ui::settings::tests::a_row_stacks_once_its_label_and_control_stop_fitting ... ok
test ui::settings::tests::agent_rows_are_in_the_search_index ... ok
test ui::settings::tests::best_matching_section_can_reach_every_section ... ok
test ui::settings::tests::command_line_tool_is_searchable_under_agents ... ok
test ui::settings::gpui_tests::every_category_and_full_search_can_layout_at_minimum_width ... ok
test ui::settings::tests::every_section_has_search_entries ... ok
test ui::settings::tests::group_buckets_sort_imported_first_and_ungrouped_last ... ok
test ui::settings::tests::group_key_falls_back_to_the_ungrouped_bucket ... ok
test ui::settings::tests::group_labels_name_the_file_and_the_app ... ok
test ui::settings::tests::humanize_action_splits_on_capitals ... ok
test ui::settings::tests::index_titles_match_rendered_row_labels ... ok
test ui::settings::tests::modified_settings_compare_their_own_values_only ... ok
test ui::settings::tests::config_keys_and_cross_language_names_reach_the_same_setting ... ok
test ui::settings::tests::opacity_and_blur_are_local_overrides_on_every_platform ... ok
test ui::settings::tests::parse_host_port_handles_blank_and_ports ... ok
test ui::settings::tests::preset_row_labels_name_the_value_they_write ... ok
test ui::settings::tests::role_rows_are_in_the_search_index ... ok
test ui::settings::tests::saving_moves_a_password_with_the_address_it_belongs_to ... ok
test ui::settings::tests::searching_for_a_feature_finds_its_shortcut ... ok
test ui::settings::tests::settings_row_identity_depends_only_on_its_stable_label ... ok
test ui::settings::tests::settings_row_ids_survive_language_changes ... ok
test ui::settings::tests::spaces_are_not_a_host ... ok
test ui::settings::tests::synced_windows_backdrop_is_only_a_local_override_on_windows ... ok
test ui::settings::tests::the_catalog_has_unique_titles_and_default_values_are_unmodified ... ok
test ui::settings::tests::the_host_filter_ignores_case ... ok
test ui::settings::tests::the_host_filter_matches_name_address_and_port ... ok
test ui::settings::tests::previously_unsearchable_settings_are_findable ... ok
test ui::settings::tests::the_same_endpoint_under_two_names_counts_as_shared ... ok
test ui::settings::tests::the_stacking_width_follows_the_interface_font ... ok
test ui::settings::tests::the_passphrase_follows_the_first_key_that_is_really_there ... ok
test ui::settings::tests::the_titlebar_buttons_switch_is_found_by_key_and_name_and_marks_only_itself ... ok
test ui::settings::gpui_tests::the_terminal_page_paints_the_zoom_modifier_row ... ok
test ui::sftp::gpui_tests::cancelling_the_edit_form_hands_focus_back ... ok
test ui::sftp::tests::a_download_still_in_flight_holds_its_name_before_the_file_exists ... ok
test ui::sftp::tests::a_failed_poll_keeps_the_transfers_it_cannot_see ... ok
test ui::sftp::tests::a_fresh_open_starts_at_the_shell_directory ... ok
test ui::sftp::tests::a_job_that_falls_off_the_list_is_not_waited_on_forever ... ok
test ui::sftp::tests::a_pane_switch_returns_to_the_directory_browsed_there ... ok
test ui::sftp::tests::a_poll_that_got_through_replaces_the_list_and_clears_the_failure ... ok
test ui::sftp::tests::a_second_download_is_numbered_rather_than_written_over_the_first ... ok
test ui::sftp::tests::an_upload_owes_a_listing_until_it_stops_running ... ok
test ui::sftp::tests::breadcrumb_segments_splits_absolute_paths ... ok
test ui::sftp::tests::every_name_taken_reports_rather_than_overwriting ... ok
test ui::sftp::tests::filter_is_case_insensitive_substring ... ok
test ui::sftp::tests::human_size_scales_units ... ok
test ui::sftp::tests::mode_string_renders_rwx ... ok
test ui::sftp::tests::one_upload_finishing_does_not_settle_the_one_beside_it ... ok
test ui::sftp::tests::sort_puts_dirs_first_then_name_case_insensitively ... ok
test ui::sftp::tests::the_overwrite_question_counts_correctly_in_every_locale ... ok
test ui::sftp_host::tests::actionable_failures_get_their_io_kind_back ... ok
test ui::sftp_host::tests::meta_mapping_reads_kind_size_and_mtime ... ok
test ui::sftp_host::tests::paths_are_posix_regardless_of_the_local_platform ... ok
test ui::sftp_host::tests::the_host_id_is_stable_and_never_local ... ok
test ui::ssh_connect::tests::a_live_connection_reads_back_as_the_profile_it_was_dialled_from ... ok
test ui::ssh_connect::tests::a_proxy_on_port_zero_is_no_proxy ... ok
test ui::ssh_connect::tests::a_spec_built_without_credentials_is_the_full_one_stripped ... ok
test ui::ssh_connect::tests::a_spec_names_itself_after_the_profile_or_its_address ... ok
test ui::sftp::gpui_tests::toggle_sftp_switches_tabs_before_it_closes ... ok
test ui::ssh_connect::tests::a_tilde_and_an_absolute_identity_path_resolve_the_same_stored_passphrase ... ok
test ui::ssh_connect::tests::dangling_link_falls_back_to_host_credentials ... ok
test ui::ssh_connect::tests::global_verify_host_keys_is_the_fallback ... ok
test ui::ssh_connect::tests::jump_cycle_is_broken_not_infinite ... ok
test ui::ssh_connect::tests::linked_host_uses_onekey_username_and_password ... ok
test ui::ssh_connect::tests::maps_proxy_precedence_command_over_socks_over_http ... ok
test ui::ssh_connect::tests::resolves_jump_chain_into_nested_specs ... ok
test ui::ssh_connect::tests::resolves_stored_password_for_auto_and_password_modes ... ok
test ui::ssh_connect::tests::transient_profile_jump_cycle_is_broken ... ok
test ui::ssh_connect::tests::transient_profile_jump_falls_back_to_user_host_port ... ok
test ui::ssh_connect::tests::transient_profile_maps_and_resolves_alias_jump_chain ... ok
test ui::ssh_connect::tests::unlinked_host_ignores_entries ... ok
test ui::sftp::gpui_tests::toggle_sftp_opens_files_then_closes_the_panel ... ok
test ui::ssh_prompt::tests::a_new_algorithm_raises_the_unknown_host_sheet_not_the_changed_one ... ok
test ui::ssh_prompt::tests::banner_is_not_a_blocking_model ... ok
test ui::ssh_prompt::tests::changed_host_never_auto_accepts ... ok
test ui::ssh_prompt::tests::fr_a6_rejected_without_remember_deletes_stale_entry ... ok
test ui::ssh_prompt::tests::fr_a6_remember_overwrites ... ok
test ui::ssh_prompt::tests::keyboard_interactive_carries_the_endpoint_and_the_rejection_through ... ok
test ui::ssh_prompt::tests::ki_answer_forgets_the_stored_password_the_server_rejected ... ok
test ui::ssh_prompt::tests::ki_submit_bundles_all_answers ... ok
test ui::ssh_prompt::tests::non_rejection_without_remember_never_touches_keychain ... ok
test ui::ssh_prompt::tests::override_is_enabled_by_exactly_what_accepts ... ok
test ui::ssh_prompt::tests::passphrase_prompt_carries_the_daemons_rejection ... ok
test ui::ssh_prompt::tests::passphrase_rejected_without_remember_deletes_stale_entry ... ok
test ui::ssh_prompt::tests::passphrase_remember_stores_by_key_path ... ok
test ui::ssh_prompt::tests::password_prompt_carries_port_from_endpoint_and_marks_rejection ... ok
test ui::ssh_prompt::tests::unknown_host_trust_accepts_and_remembers_abort_rejects ... ok
test ui::ssh_prompt::focus_tests::an_abandoned_routed_sheet_is_taken_down ... ok
test ui::ssh_prompt::focus_tests::dismissing_the_last_prompt_hands_focus_back ... ok
test ui::switcher::gpui_tests::a_cli_made_remote_workspace_reaches_the_switcher_without_reconnect ... ok
test ui::switcher::gpui_tests::a_deleted_remote_workspace_leaves_the_switcher ... ok
test ui::settings::gpui_tests::theme_edits_preview_without_writing_and_cancel_restores_original ... ok
test ui::switcher::gpui_tests::a_lone_tab_still_opens_the_panel_but_does_not_hold ... ok
test ui::switcher::gpui_tests::a_lone_tabs_panel_survives_letting_go_of_ctrl ... ok
test ui::switcher::gpui_tests::a_name_typed_into_the_form_is_held_for_the_create ... ok
test ui::switcher::gpui_tests::a_held_gesture_hides_the_context_menus_it_would_trip_over ... ok
test ui::switcher::gpui_tests::creating_a_workspace_does_not_read_the_window_making_it ... ok
test ui::switcher::gpui_tests::a_second_ctrl_tab_goes_back_to_where_it_came_from ... ok
test ui::switcher::gpui_tests::ctrl_tab_raises_the_panel_on_the_previously_used_tab ... ok
test ui::switcher::gpui_tests::ctrl_clicking_a_tab_row_mid_gesture_picks_it ... ok
test ui::switcher::gpui_tests::holding_ctrl_and_pressing_tab_again_walks_further_down ... ok
test ui::switcher::gpui_tests::releasing_ctrl_commits_the_highlighted_tab_and_closes_the_panel ... ok
test ui::switcher::gpui_tests::losing_focus_drops_the_hold_so_the_panel_cannot_hang ... ok
test ui::switcher::gpui_tests::picking_a_tab_mid_gesture_commits_it_on_release ... ok
test ui::switcher::gpui_tests::releasing_ctrl_over_the_tab_column_still_commits ... ok
test ui::scm::panel::render_idle_gpui_tests::a_settled_source_control_panel_reaches_render_idle ... ok
test ui::switcher::key_tests::a_held_control_keeps_tab_working_but_parks_the_arrows ... ok
test ui::switcher::key_tests::alt_and_fn_chords_are_left_alone ... ok
test ui::switcher::key_tests::bare_arrows_and_enter_drive_the_panel ... ok
test ui::switcher::key_tests::escape_closes_even_mid_chord ... ok
test ui::switcher::key_tests::tab_walks_the_tab_column_in_both_directions ... ok
test ui::switcher::key_tests::the_secondary_glyph_matches_the_platform ... ok
test ui::switcher::key_tests::the_secondary_modifier_turns_enter_into_a_new_window ... ok
test ui::switcher::tests::a_machine_being_retried_does_not_read_as_one_nobody_ever_connected_to ... ok
test ui::switcher::gpui_tests::the_create_form_will_not_create_without_a_name ... ok
test ui::switcher::tests::a_query_matching_a_machines_name_keeps_all_of_its_rows ... ok
test ui::switcher::tests::a_tab_of_another_window_is_named_the_way_a_local_one_would_be ... ok
test ui::switcher::tests::a_truncating_name_beside_its_number_takes_the_room_it_has ... ok
test ui::switcher::tests::a_workspace_named_by_the_query_outranks_one_matched_by_its_tabs ... ok
test ui::switcher::tests::a_workspace_shown_only_because_its_host_matched_keeps_all_its_tabs ... ok
test ui::switcher::tests::a_workspace_stays_in_the_list_when_only_one_of_its_tabs_matches ... ok
test ui::switcher::tests::an_orphans_owner_reads_as_a_workspace_never_as_a_whole_uuid ... ok
test ui::switcher::tests::every_ssh_machine_offers_its_host_form_and_nothing_else_does ... ok
test ui::switcher::tests::filtering_the_dropdown_narrows_hosts_but_never_loses_the_way_out ... ok
test ui::switcher::tests::orphan_panes_of_keeps_only_live_panes_no_workspace_holds ... ok
test ui::switcher::tests::searching_a_tab_name_narrows_the_tab_column_to_the_hits ... ok
test ui::switcher::tests::searching_the_workspace_name_keeps_all_of_its_tabs ... ok
test ui::switcher::tests::the_cursor_wraps_at_both_ends ... ok
test ui::switcher::tests::the_flat_list_is_most_recently_used_first_across_machines ... ok
test ui::switcher::tests::the_host_dropdown_leads_local_and_pins_add_host_last ... ok
test ui::switcher::tests::the_local_row_answers_to_its_own_name ... ok
test ui::switcher::tests::the_tab_column_follows_the_flat_cursor ... ok
test ui::switcher::tests::this_windows_own_attempt_is_only_ever_about_its_own_machine ... ok
test ui::switcher::tests::this_windows_workspace_outranks_everything_however_stale ... ok
test ui::switcher::tests::a_pending_machine_whose_profile_is_gone_is_not_named_by_its_uuid ... ok
test ui::switcher::gpui_tests::the_form_folds_back_into_the_list_rather_than_closing ... ok
test ui::switcher::gpui_tests::the_new_workspace_gesture_raises_the_create_form ... ok
test ui::tab_sidebar::fold_tests::a_blank_rename_keeps_a_label_and_resets_a_folder ... ok
test ui::switcher::gpui_tests::releasing_ctrl_over_the_workspace_list_keeps_the_panel_up ... ok
test ui::tab_sidebar::fold_tests::a_drop_finds_its_tab_after_the_indexes_shift ... ok
test ui::tab_sidebar::fold_tests::a_dropped_folder_is_pinned_and_a_dropped_file_is_not ... ok
test ui::tab_sidebar::fold_tests::a_fold_hides_the_active_row_too ... ok
test ui::tab_sidebar::fold_tests::a_pinned_drag_reorders_the_groups_not_the_tabs ... ok
test ui::tab_sidebar::fold_tests::a_probe_files_an_auto_tab_and_never_a_pinned_one ... ok
test ui::tab_sidebar::fold_tests::a_restored_tab_is_drawn_from_its_hint_until_a_probe_answers ... ok
test ui::tab_sidebar::fold_tests::a_restored_tab_is_not_pulled_in_by_where_it_already_is ... ok
test ui::tab_sidebar::fold_tests::a_tab_dialling_a_host_is_filed_under_it ... ok
test ui::tab_sidebar::fold_tests::a_second_new_group_does_not_land_on_the_first ... ok
test ui::tab_sidebar::fold_tests::a_search_outranks_a_fold ... ok
test ui::tab_sidebar::fold_tests::a_tab_handed_back_to_auto_follows_its_cwd_again ... ok
test ui::tab_sidebar::fold_tests::a_tab_spawned_in_a_pinned_folder_joins_it ... ok
test ui::tab_sidebar::fold_tests::a_tab_spawned_inside_a_pinned_group_joins_it ... ok
test ui::tab_sidebar::fold_tests::a_tab_dragged_out_is_not_pulled_back_until_it_re_enters ... ok
test ui::tab_sidebar::fold_tests::a_worktree_joins_the_folder_its_repo_home_is_pinned_as ... ok
test ui::tab_sidebar::fold_tests::a_tab_walking_into_a_pinned_folder_joins_it ... ok
test ui::tab_sidebar::fold_tests::an_empty_pinned_group_is_drawn_and_takes_drops ... ok
test ui::tab_sidebar::fold_tests::an_empty_pinned_group_still_has_a_section ... ok
test ui::tab_sidebar::fold_tests::clearing_a_folder_keeps_the_name_it_was_showing ... ok
test ui::tab_sidebar::fold_tests::deleting_a_group_returns_its_tabs_to_auto_grouping ... ok
test ui::tab_sidebar::fold_tests::auto_grouping_off_hides_auto_groups_and_keeps_pinned_ones ... ok
test ui::tab_sidebar::fold_tests::groups_arriving_from_elsewhere_pull_no_tab_in ... ok
test ui::tab_sidebar::fold_tests::folding_a_group_takes_its_rows_off_the_sidebar ... ok
test ui::tab_sidebar::fold_tests::nested_pinned_folders_file_a_tab_under_the_deepest ... ok
test ui::tab_sidebar::fold_tests::moving_a_tab_into_an_auto_group_pins_it_with_the_tab ... ok
test ui::tab_sidebar::fold_tests::pinning_an_auto_group_keeps_its_tabs_and_its_folder ... ok
test ui::tab_sidebar::fold_tests::moving_into_an_auto_group_whose_folder_is_kept_joins_the_kept_group ... ok
test ui::tab_sidebar::tests::a_first_row_revealed_from_above_brings_its_header ... ok
test ui::tab_sidebar::tests::a_label_is_never_shortened_the_way_a_path_is ... ok
test ui::tab_sidebar::tests::a_long_branch_takes_half_the_header_and_no_more ... ok
test ui::tab_sidebar::tests::a_row_badge_names_the_chord_that_opens_that_row ... ok
test ui::tab_sidebar::tests::a_shell_that_sshd_onward_groups_by_host_and_wsl_does_not ... ok
test ui::tab_sidebar::tests::a_short_branch_leaves_the_heading_the_rest_of_the_header ... ok
test ui::tab_sidebar::tests::below_pinned_groups_the_rest_needs_no_header_on_its_own ... ok
test ui::tab_sidebar::tests::group_names_disambiguate_only_the_collisions ... ok
test ui::tab_sidebar::tests::group_names_handle_suffix_roots ... ok
test ui::tab_sidebar::tests::move_targets_list_every_sidebar_group_in_order ... ok
test ui::tab_sidebar::tests::pinned_folders_disambiguate_like_repo_roots ... ok
test ui::tab_sidebar::tests::pinned_groups_lead_in_their_own_order_empty_or_not ... ok
test ui::tab_sidebar::tests::regrouped_order_ignores_self_and_unknown_roots ... ok
test ui::tab_sidebar::tests::regrouped_order_moves_the_group_into_the_target_slot ... ok
test ui::tab_sidebar::tests::reordered_pinned_moves_a_header_among_the_ones_shown ... ok
test ui::tab_sidebar::tests::reordered_rows_leaves_filtered_out_rows_alone ... ok
test ui::tab_sidebar::tests::reordered_rows_moves_within_the_group_only ... ok
test ui::tab_sidebar::tests::reveal_shift_moves_only_rows_out_of_view ... ok
test ui::tab_sidebar::tests::rows_reorder_inside_a_pinned_group_too ... ok
test ui::tab_sidebar::tests::sections_order_groups_by_first_appearance_ungrouped_last ... ok
test ui::tab_sidebar::tests::ssh_tabs_on_two_hosts_land_in_two_groups ... ok
test ui::tab_sidebar::tests::the_heading_keeps_a_floor_on_a_narrow_sidebar ... ok
test ui::tab_sidebar::fold_tests::renaming_a_group_keeps_its_tabs_in_it ... ok
test ui::tab_strip::ssh_host_row_tests::a_host_deleted_under_a_live_tab_is_offered_back_as_a_new_one ... ok
test ui::tab_sidebar::fold_tests::the_divider_is_drawn_once_something_is_pinned ... ok
test ui::tab_strip::tests::a_brand_disc_that_matches_the_window_gets_an_edge ... ok
test ui::tab_strip::tests::a_cwd_is_cut_in_its_own_spelling_whichever_client_is_reading_it ... ok
test ui::tab_strip::tests::a_host_named_after_its_own_address_does_not_say_it_twice ... ok
test ui::tab_strip::tests::a_host_saved_without_a_name_still_says_where_it_goes ... ok
test ui::tab_strip::tests::a_pane_showing_a_title_is_named_by_it_and_not_by_its_directory ... ok
test ui::tab_strip::tests::a_pane_that_has_only_said_where_it_is_is_named_after_that ... ok
test ui::tab_strip::tests::a_pane_with_nothing_to_say_falls_back_the_way_it_always_did ... ok
test ui::tab_strip::tests::a_renamed_tab_keeps_its_name_over_every_other_answer ... ok
test ui::tab_strip::tests::a_reordered_run_is_sliced_in_its_own_order ... ok
test ui::tab_strip::tests::a_shell_nobody_has_opened_is_not_named_just_because_there_is_room ... ok
test ui::tab_strip::tests::a_tab_named_after_a_directory_says_nothing_more_on_hover_unless_it_was_cut ... ok
test ui::tab_strip::tests::a_title_that_shortens_away_never_puts_the_app_name_back_on_the_tab ... ok
test ui::tab_strip::tests::configured_shell_arguments_remain_user_authored_in_the_menu ... ok
test ui::tab_sidebar::fold_tests::the_palette_makes_an_empty_group_ready_to_name ... ok
test ui::tab_strip::tests::elide_edges_falls_back_to_a_tail_sliver_when_the_head_cannot_fit ... ok
test ui::tab_strip::tests::elide_edges_gives_up_head_room_to_keep_a_tail ... ok
test ui::tab_strip::tests::elide_edges_keeps_a_head_on_a_separatorless_token ... ok
test ui::tab_strip::tests::elide_edges_keeps_both_ends_of_a_branch ... ok
test ui::tab_strip::tests::elide_edges_leaves_short_branches_alone ... ok
test ui::tab_strip::tests::elide_end_keeps_the_head_of_a_branch ... ok
test ui::tab_strip::tests::elide_label_keeps_the_head_of_a_non_path ... ok
test ui::tab_strip::tests::elide_label_still_keeps_the_tail_of_a_path ... ok
test ui::tab_strip::tests::elide_path_cuts_windows_backslash_paths_on_segments ... ok
test ui::tab_strip::tests::elide_path_fits_shallow_paths_untouched ... ok
test ui::tab_strip::tests::elide_path_keeps_drive_tail_and_budget ... ok
test ui::tab_strip::tests::elide_path_keeps_the_separator_the_path_arrived_with ... ok
test ui::tab_strip::tests::elide_path_keeps_tilde_and_leading_slash ... ok
test ui::tab_strip::tests::elide_path_shows_the_whole_deep_path_when_the_budget_allows ... ok
test ui::tab_strip::ssh_host_row_tests::saving_a_hand_dialled_tab_keeps_what_it_was_dialled_with ... ok
test ui::tab_strip::tests::elide_path_tears_only_the_last_segment_as_a_last_resort ... ok
test ui::tab_strip::tests::every_chip_is_drawn_while_they_all_fit ... ok
test ui::tab_strip::tests::every_visible_agent_state_has_words_for_it ... ok
test ui::tab_strip::tests::fullscreen_on_macos_reaches_back_over_the_bars_extra_inset_as_well ... ok
test ui::tab_strip::tests::off_macos_the_band_is_the_terminal_column_beside_a_docked_panel ... ok
test ui::tab_strip::tests::only_alt_turns_a_new_tab_row_into_a_split ... ok
test ui::tab_strip::tests::other_shells_is_offered_only_when_the_inventory_holds_more_than_the_menu_names ... ok
test ui::tab_strip::tests::short_title_blank_input_is_empty_and_long_names_are_clamped ... ok
test ui::tab_strip::tests::short_title_clamps_on_cluster_boundaries ... ok
test ui::tab_strip::tests::short_title_cuts_windows_paths_on_backslashes ... ok
test ui::tab_strip::tests::short_title_keeps_an_ssh_address_whole ... ok
test ui::tab_strip::tests::short_title_keeps_home_tilde_and_normalizes_trailing_slash ... ok
test ui::tab_strip::tests::short_title_shortens_under_the_home_it_was_given ... ok
test ui::tab_strip::tests::short_title_strips_user_host_and_shows_shallow_path_in_full ... ok
test ui::tab_strip::tests::short_title_truncates_deep_paths_to_trailing_segments ... ok
test ui::tab_strip::tests::the_active_chip_is_always_among_the_drawn_ones ... ok
test ui::tab_strip::tests::the_badge_greets_in_the_running_locale ... ok
test ui::tab_strip::tests::the_chip_badge_names_the_reused_username_or_the_default_mark ... ok
test ui::tab_strip::tests::the_default_shell_leads_the_menu_even_when_it_has_never_been_opened ... ok
test ui::tab_strip::tests::the_new_tab_menu_names_agents_that_have_actually_been_run ... ok
test ui::tab_strip::tests::the_new_tab_menu_names_the_default_and_what_has_been_opened_by_frecency ... ok
test ui::tab_strip::tests::the_new_tab_menu_stops_naming_hosts_before_it_becomes_a_list ... ok
test ui::tab_strip::tests::the_run_stays_put_until_the_active_chip_would_fall_off ... ok
test ui::tab_strip::ssh_host_row_tests::only_a_tab_on_an_ssh_host_is_offered_the_host_form ... ok
test ui::tab_strip::tests::with_the_rail_collapsed_on_macos_the_search_box_centres_on_the_window ... ok
test ui::tab_strip::tests::with_the_rail_open_on_macos_the_search_box_centres_on_the_terminal_column ... ok
test ui::tests::the_action_answers_return_and_the_safe_one_answers_escape ... ok
test ui::theme::tests::auto_never_counts_as_a_material ... ok
test ui::theme::tests::effective_preset_follows_the_cached_system_appearance ... ok
test ui::theme::tests::non_windows_backdrop_defers_to_the_local_blur_toggle ... ok
test ui::theme::tests::supported_backdrops_follow_the_build ... ok
test ui::theme::tests::windows_background_appearance_falls_back_by_build ... ok
test ui::tab_strip::tests::elide_edges_cuts_only_on_cluster_boundaries ... ok
test ui::tray::icon::tests::recolor_keeps_alpha_and_flattens_color ... ok
test ui::tab_strip::tests::elide_path_tears_its_last_segment_on_cluster_boundaries ... ok
test ui::tray::icon::tests::render_argb_reorders_bytes ... ok
test ui::tray::icon::tests::render_produces_both_states ... ok
test ui::tray::icon::tests::to_rgba_demultiplies ... ok
test ui::tray::tests::agent_rows_decode_to_reveal_with_their_leaf_id ... ok
test ui::tray::tests::attention_follows_waiting_and_tooltip_counts ... ok
test ui::tray::tests::every_menu_id_decodes_to_an_action ... ok
test ui::tray::tests::menu_spec_shape ... ok
test ui::tree_sync::tests::a_create_that_answered_with_another_name_still_takes_the_typed_one ... ok
test ui::tree_sync::tests::a_dangling_active_tab_in_the_pulled_tree_falls_back_to_the_first ... ok
test ui::tree_sync::tests::a_deep_tree_materializes_top_split_first_and_converges ... ok
test ui::tree_sync::tests::a_deletion_nothing_has_open_forgets_the_workspace_here_too ... ok
test ui::tree_sync::tests::a_delta_about_a_tab_the_mirror_does_not_hold_reports_itself ... ok
test ui::tree_sync::tests::a_failed_daemon_change_stops_the_emptied_window_speaking_for_the_machine ... ok
test ui::tree_sync::tests::a_hydrating_pull_settles_the_typed_name_too ... ok
test ui::tab_strip::tests::the_strip_names_a_titleless_pane_exactly_as_the_switcher_does ... ok
test ui::tree_sync::tests::a_hydration_that_adopted_leaves_the_name_it_found ... ok
test ui::tree_sync::tests::a_hydration_that_died_on_a_stale_link_is_owed_back ... ok
test ui::tree_sync::tests::a_lowered_leaf_carries_its_pane_id_and_its_agent_whatever_live_says ... ok
test ui::tree_sync::tests::a_move_that_lands_on_a_new_ratio_settles_it_after_the_move ... ok
test ui::tree_sync::tests::a_new_pane_on_the_upper_side_splits_with_first_set ... ok
test ui::tree_sync::tests::a_name_typed_for_another_workspace_is_never_spent_here ... ok
test ui::tree_sync::tests::a_pane_id_reused_in_another_tab_is_never_read_as_a_replace ... ok
test ui::tree_sync::tests::a_pane_leaving_for_a_tab_of_its_own_gives_it_up_before_it_asks_for_it ... ok
test ui::tree_sync::tests::a_pane_the_tree_calls_dead_still_goes_down_by_its_id ... ok
test ui::tree_sync::tests::a_parked_folder_outlives_the_pull_that_has_to_be_retried ... ok
test ui::tree_sync::tests::a_partial_rebuild_holds_the_tabs_it_could_not_put_up ... ok
test ui::tree_sync::tests::a_ratio_delta_is_clamped_to_the_servers_band_not_a_narrower_one ... ok
test ui::tree_sync::tests::a_ratio_drag_emits_set_ratio_with_the_splits_path ... ok
test ui::tree_sync::tests::a_reopened_tab_reads_back_its_layout_and_what_each_pane_was ... ok
test ui::tree_sync::tests::a_restore_brings_a_sleeping_tab_back_asleep_and_named ... ok
test ui::tree_sync::tests::a_resync_takes_back_the_licence_to_prune_until_a_pull_lands ... ok
test ui::tree_sync::tests::a_retirement_with_no_close_in_the_sync_stays_waiting ... ok
test ui::tree_sync::tests::a_retry_that_finds_no_window_stands_down ... ok
test ui::tree_sync::tests::a_revived_leaf_emits_pane_replace_with_the_successors_seed ... ok
test ui::tree_sync::tests::a_peer_without_the_machine_tree_bit_classifies_as_unserved ... ok
test ui::tree_sync::tests::a_sleeping_layout_reads_back_as_the_tree_it_came_from ... ok
test ui::tree_sync::tests::a_split_emits_one_pane_split_against_its_sibling ... ok
test ui::tree_sync::tests::a_standing_failure_stops_shouting_once_the_backoff_settles ... ok
test ui::tree_sync::tests::a_swap_no_single_op_expresses_rebuilds_the_tab_whole ... ok
test ui::tree_sync::tests::a_superseded_prime_result_does_not_roll_the_mirror_back ... ok
test ui::tree_sync::tests::a_tab_created_asleep_is_marked_as_it_is_created ... ok
test ui::tree_sync::tests::a_tab_created_delta_that_straddled_a_repull_lands_once_in_the_window_mirror ... ok
test ui::tree_sync::tests::a_tab_going_to_sleep_says_so_and_nothing_else ... ok
test ui::tree_sync::tests::a_tab_grafted_above_a_whole_layout_still_converges ... ok
test ui::tree_sync::tests::a_tab_reorder_emits_moves_that_land_the_windows_order ... ok
test ui::tree_sync::tests::a_tab_whose_panes_are_all_still_spawning_is_held_not_closed ... ok
test ui::tree_sync::tests::a_waking_tab_clears_its_mark_before_its_panes_are_replaced ... ok
test ui::tree_sync::tests::a_typed_name_waits_for_the_create_rather_than_racing_it ... ok
test ui::tree_sync::tests::a_window_that_filled_up_while_owed_keeps_what_it_has ... ok
test ui::tree_sync::tests::a_window_owing_no_name_still_reads_the_machines ... ok
test ui::tree_sync::tests::an_additive_diff_never_closes_tabs_the_window_has_not_seen ... ok
test ui::tree_sync::tests::a_workspace_the_window_walked_into_keeps_its_own_name ... ok
test ui::tree_sync::tests::an_if_empty_pull_leaves_the_licence_where_it_found_it ... ok
test ui::tree_sync::tests::an_owed_pull_is_retried_until_it_is_paid_or_superseded ... ok
test ui::tree_sync::tests::an_unchanged_window_emits_nothing ... ok
test ui::tree_sync::tests::closing_a_pane_emits_pane_close_and_the_split_collapses ... ok
test ui::tree_sync::tests::closing_a_tab_emits_tab_close_and_heals_the_active_tab ... ok
test ui::tree_sync::tests::deltas_advance_the_mirror_exactly_as_the_writers_operations_did ... ok
test ui::tree_sync::tests::dragging_a_pane_across_the_layout_emits_one_pane_move ... ok
test ui::tree_sync::tests::merging_a_tab_into_another_moves_its_panes_and_takes_the_tab_with_them ... ok
test ui::tree_sync::tests::note_instance_ignores_a_server_that_predates_the_field ... ok
test ui::tree_sync::tests::note_instance_reports_only_a_real_change ... ok
test ui::tree_sync::tests::only_a_mirror_that_agrees_lets_an_empty_window_delete_its_workspace ... ok
test ui::tree_sync::tests::only_a_retiring_tab_is_closed_into_the_machines_list ... ok
test ui::tree_sync::tests::opening_the_first_tab_emits_a_create_carrying_the_client_identity ... ok
test ui::tree_sync::tests::preemption_drops_the_mirror_the_queue_and_the_informed_licence ... ok
test ui::tree_sync::tests::priming_teaches_the_mirror_the_name_the_machine_gave_the_workspace ... ok
test ui::tree_sync::tests::renaming_and_regrouping_emit_their_label_ops ... ok
test ui::tree_sync::tests::seeded_records_carry_the_seed_and_the_windows_own_liveness ... ok
test ui::tree_sync::tests::switching_tabs_emits_only_set_active_tab ... ok
test ui::tree_sync::tests::the_backoff_count_ends_with_the_run_of_failures ... ok
test ui::tree_sync::tests::the_machine_reading_back_the_typed_name_settles_it ... ok
test ui::tray::icon::tests::the_tray_draws_each_mark_in_the_agents_own_colour ... ok
test ui::tree_sync::tests::the_retry_backs_off_and_settles_at_a_cap ... ok
test ui::windows::tests::a_delete_reads_its_kill_list_before_the_removal_blanks_the_mirror ... ok
test ui::windows::tests::a_path_will_not_follow_the_layout_onto_a_remote_machine ... ok
test ui::windows::tests::a_pathless_cli_request_creates_a_default_window_without_history ... ok
test ui::windows::tests::a_pathless_cli_request_restores_a_workspace_when_no_window_is_open ... ok
test ui::windows::tests::a_remembered_bound_at_or_over_the_minimum_is_left_alone ... ok
test ui::windows::tests::a_remembered_bound_under_the_minimum_is_grown_back_to_it ... ok
test ui::tree_sync::tests::the_next_sync_leaves_a_tab_the_rebuild_could_not_put_up_on_the_machine ... ok
test ui::windows::tests::a_reopen_with_no_window_up_restores_the_workspace_that_retired ... ok
test ui::windows::tests::a_request_carrying_a_path_restores_the_layout_and_brings_the_path_along ... ok
test ui::windows::tests::a_reopen_with_a_window_up_activates_it_instead_of_opening_another ... ok
test ui::windows::tests::a_window_asks_the_compositor_for_client_side_decorations ... ok
test ui::windows::tests::cascade_wraps_so_windows_never_march_off_screen ... ok
test ui::windows::tests::each_extra_window_steps_down_and_right ... ok
test ui::windows::tests::the_cascade_counts_only_the_deleted_profiles_unlinked_entries ... ok
test ui::windows::tests::forgetting_a_workspace_never_tells_its_machine ... ok
test ui::windows::tests::the_confirmation_says_which_of_the_three_answers_it_got ... ok
test ui::windows::tests::the_first_window_is_not_cascaded ... ok
test ui::tree_sync::tests::arriving_at_a_workspace_does_not_prune_what_is_already_in_it ... ok
test ui::windows::tests::the_cascade_leaves_an_entry_whose_window_is_still_open ... ok
test ui::tray::icon::tests::agent_avatar_renders_brand_and_fallback ... ok
test ui::scm::panel::render_idle_gpui_tests::the_changes_list_folds_into_a_tree_and_filters_by_path ... ok
test ui::file_tree::render_idle_gpui_tests::a_searching_tree_does_no_filesystem_work ... ok
test ui::search::view::tests::a_query_after_one_that_found_nothing_still_arms_its_first_row ... ok
test ui::file_tree::render_idle_gpui_tests::a_settled_files_panel_on_an_empty_directory_reaches_render_idle ... ok
test ui::tab_sidebar::fold_tests::a_label_group_can_be_filled_from_its_header ... ok
test ui::file_tree::render_idle_gpui_tests::a_settled_files_panel_on_hidden_only_content_reaches_render_idle ... ok
test ui::file_tree::render_idle_gpui_tests::a_settled_files_panel_reaches_render_idle ... ok
test ui::file_tree::render_idle_gpui_tests::an_event_reaching_no_cached_listing_costs_no_frames ... ok
test ui::file_tree::render_idle_gpui_tests::rewriting_a_file_in_a_displayed_directory_costs_no_frames ... ok
test ui::settings::gpui_tests::agent_roles_page_adds_edits_and_deletes ... ok
test ui::file_tree::render_idle_gpui_tests::the_sftp_browser_holding_the_column_counts_as_not_drawn ... ok
test ui::file_tree::render_idle_gpui_tests::untracked_paths_leave_no_bookkeeping_behind ... ok

test result: ok. 2514 passed; 0 failed; 2 ignored; 0 measured; 0 filtered out; finished in 18.86s

